Features,Model,RMSE,R²,MAE
Density,LinearRegression,5.773062044066499,0.7263204845463092,4.479129174140106
Density,SGDRegressor,5.787192664473408,0.7249790840106558,4.571597248227296
Density,RandomForest,3.7265161449847986,0.8859656066217674,2.750521816315659
Density,GradientBoost,3.7251039512057504,0.8860520187778955,2.7498392636581652
Density,XGBoost,3.7325229096816623,0.8855976866670858,2.7582039638186653
GSA,LinearRegression,4.4723665358564375,0.8357502864518787,3.463584509059576
GSA,SGDRegressor,4.476987593872346,0.835410690146302,3.4568430406796384
GSA,RandomForest,3.8778221602200578,0.8765174416887468,2.9807641234173117
GSA,GradientBoost,3.9247165288176653,0.8735128430518211,3.0155464324712686
GSA,XGBoost,3.9289968212466873,0.8732367990407124,3.01659399604407
VSA,LinearRegression,7.797979541750285,0.5006626808579429,6.370087928470522
VSA,SGDRegressor,7.798637973393142,0.5005783530214654,6.384991639586492
VSA,RandomForest,7.343644651020466,0.5571535680211022,5.784292884047474
VSA,GradientBoost,8.947419597385489,0.3426064309876131,7.879792329638965
VSA,XGBoost,8.913173716584929,0.3476290942764001,7.838658542794621
VF,LinearRegression,4.441772188748884,0.8379897831188992,3.4367494659493016
VF,SGDRegressor,4.443053556843424,0.8378962958090269,3.4177538328884824
VF,RandomForest,2.020778215887058,0.9664674064105961,1.4322212143929365
VF,GradientBoost,2.0236676404697818,0.9663714442027246,1.440288902776497
VF,XGBoost,2.0208150097064728,0.9664661852934883,1.432381843126161
PV,LinearRegression,9.006565075195356,0.33388651627853194,7.330766315351053
PV,SGDRegressor,9.009262465552906,0.3334874657789302,7.397863966033273
PV,RandomForest,3.0575399194543107,0.9232330803956623,2.259035669118976
PV,GradientBoost,3.057915432490175,0.9232142229154705,2.259286057399689
PV,XGBoost,3.061421081340784,0.9230380648262224,2.26527750020786
LCD,LinearRegression,8.223304679734737,0.44470648019753345,6.827183601536963
LCD,SGDRegressor,8.226177427459714,0.4443184374589024,6.78425553181335
LCD,RandomForest,5.928860532776353,0.7113495020259635,4.497634254404585
LCD,GradientBoost,5.932901302254125,0.7109559128764742,4.501864795702872
LCD,XGBoost,5.933652665328463,0.7108826971613018,4.501839470607999
PLD,LinearRegression,7.872452948577757,0.4910794478786136,6.2408207684722825
PLD,SGDRegressor,7.8728545848262685,0.49102751840841263,6.217909500339073
PLD,RandomForest,4.730759810307398,0.8162227960875793,3.589671215717521
PLD,GradientBoost,4.734378889819214,0.8159415056624088,3.5956969962249614
PLD,XGBoost,4.732587578194507,0.8160807609919809,3.5929610650480264
"Density,GSA",LinearRegression,4.2688797106554075,0.8503565621250639,3.311466790722752
"Density,GSA",SGDRegressor,4.269026414483894,0.85034627669003,3.3078080735252544
"Density,GSA",RandomForest,3.073316761451717,0.9224388050497254,2.2981620529419646
"Density,GSA",GradientBoost,3.1236281302005655,0.9198786067246653,2.3357436627687096
"Density,GSA",XGBoost,3.3318033504636886,0.908843306551522,2.492460884580612
"Density,VSA",LinearRegression,5.511038601512829,0.7505998281689908,4.406736463693893
"Density,VSA",SGDRegressor,5.511805561503969,0.7505304063131738,4.403474892975434
"Density,VSA",RandomForest,2.724535720328752,0.9390442253768925,2.0184559982634185
"Density,VSA",GradientBoost,3.115796906811381,0.9202798465440342,2.327111006036857
"Density,VSA",XGBoost,3.2820154847634075,0.9115473000705655,2.4697290668782848
"Density,VF",LinearRegression,4.418250311997682,0.8397011244419588,3.425705093317092
"Density,VF",SGDRegressor,4.418544520414884,0.8396797753352554,3.42677127306643
"Density,VF",RandomForest,1.901945572598951,0.9702952424679491,1.3541536729624801
"Density,VF",GradientBoost,1.9081170901533746,0.9701021550702689,1.3591606779826908
"Density,VF",XGBoost,2.3220854849114745,0.955722178020097,1.6951957920342784
"Density,PV",LinearRegression,5.678468473902202,0.7352156697360528,4.416852846495691
"Density,PV",SGDRegressor,5.685566664091739,0.7345532854180503,4.397129446997629
"Density,PV",RandomForest,1.7236176129718392,0.9756043896015347,1.2793578428291805
"Density,PV",GradientBoost,1.7989144323254826,0.9734263717932597,1.3480971893987421
"Density,PV",XGBoost,3.365053120845823,0.9070148296267325,2.495178108662533
"Density,LCD",LinearRegression,5.4515476125795175,0.7559552545371331,4.258461737719654
"Density,LCD",SGDRegressor,5.45304995909852,0.7558207274928938,4.2885560847740685
"Density,LCD",RandomForest,2.6105442065988527,0.9440381650679696,1.9443693870911007
"Density,LCD",GradientBoost,2.8512744603992246,0.9332412970269157,2.140134240844394
"Density,LCD",XGBoost,3.177876709714454,0.9170714769721139,2.4136375984858947
"Density,PLD",LinearRegression,5.444337070789348,0.756600403849647,4.2437190507889655
"Density,PLD",SGDRegressor,5.444856290569587,0.7565539761911709,4.254681984891604
"Density,PLD",RandomForest,2.940517636559945,0.9289968821829256,2.20977318726862
"Density,PLD",GradientBoost,3.1327637701939692,0.919409261109848,2.370664045411464
"Density,PLD",XGBoost,3.237761208670136,0.913916587795874,2.4559420970733745
"GSA,VSA",LinearRegression,4.439381486904034,0.8381641341997356,3.4694561181797234
"GSA,VSA",SGDRegressor,4.440579864468374,0.8380767496631119,3.456592440656732
"GSA,VSA",RandomForest,2.5882066658380296,0.9449917605978939,1.9077439044336517
"GSA,VSA",GradientBoost,3.1887383427383043,0.9165036270644661,2.393004853100382
"GSA,VSA",XGBoost,3.451231238398444,0.90219119342973,2.613572240416677
"GSA,VF",LinearRegression,3.6913016897351603,0.8881106050614715,2.867772599068416
"GSA,VF",SGDRegressor,3.6914225254855055,0.8881032794828959,2.869241482855302
"GSA,VF",RandomForest,1.8056215852148696,0.9732278457815061,1.2902090724318742
"GSA,VF",GradientBoost,1.855919858287705,0.97171551472465,1.3187916053077102
"GSA,VF",XGBoost,2.452590870227372,0.9506053335741439,1.8273777945424747
"GSA,PV",LinearRegression,4.3939379485674035,0.8414604280289174,3.4534338540023657
"GSA,PV",SGDRegressor,4.396528790187418,0.841273410358718,3.4375494540628773
"GSA,PV",RandomForest,2.3709331969119285,0.9538397154407497,1.730748172432932
"GSA,PV",GradientBoost,2.7796736675735425,0.9365520684674654,2.0631115370161153
"GSA,PV",XGBoost,2.9460226391327176,0.9287307805813517,2.1878201186921475
"GSA,LCD",LinearRegression,4.261296066004071,0.8508877715817775,3.1570803896304236
"GSA,LCD",SGDRegressor,4.263350575214637,0.8507439532254942,3.133305164615964
"GSA,LCD",RandomForest,2.4465025288943583,0.9508502650243944,1.8285035666979077
"GSA,LCD",GradientBoost,2.4788858981953417,0.9495405031015769,1.8549341623837985
"GSA,LCD",XGBoost,2.835297194386371,0.9339873726053457,2.1522950349526404
"GSA,PLD",LinearRegression,4.395579970888693,0.84134191285593,3.3349615292499535
"GSA,PLD",SGDRegressor,4.408355203480849,0.8404183307835013,3.286223562511036
"GSA,PLD",RandomForest,3.046822586619064,0.9237703062148828,2.314516987850693
"GSA,PLD",GradientBoost,3.0880894892470936,0.9216913752952763,2.348177744345745
"GSA,PLD",XGBoost,3.2479173695965557,0.9133756904655931,2.4859101596810014
"VSA,VF",LinearRegression,4.415381013462806,0.8399092593132526,3.4394804116342237
"VSA,VF",SGDRegressor,4.425612947260389,0.8391664306424456,3.518166439070565
"VSA,VF",RandomForest,1.7216953394287924,0.9756587739221817,1.2086475112293142
"VSA,VF",GradientBoost,1.769039848167221,0.9743016598284057,1.2316501681997907
"VSA,VF",XGBoost,2.0981459537042095,0.9638505882961028,1.4896935665588367
"VSA,PV",LinearRegression,5.9357688553046195,0.7106764376195478,4.665224522768746
"VSA,PV",SGDRegressor,5.937833190640957,0.7104751613483893,4.690904467076406
"VSA,PV",RandomForest,2.368819089333575,0.9539219989054302,1.7438053978752275
"VSA,PV",GradientBoost,2.7337072494413897,0.9386331471682131,2.0372644302535314
"VSA,PV",XGBoost,2.8613246801027827,0.9327698432184989,2.138700763401592
"VSA,LCD",LinearRegression,5.061910534288677,0.7895936839761043,4.104461314332718
"VSA,LCD",SGDRegressor,5.063227084479385,0.7894842207616204,4.117823307049435
"VSA,LCD",RandomForest,2.813913183667461,0.934979361371683,2.042094140896137
"VSA,LCD",GradientBoost,3.259407764793053,0.9127616919590561,2.398595244949244
"VSA,LCD",XGBoost,3.613895260485601,0.8927540340192461,2.724998048627233
"VSA,PLD",LinearRegression,5.544388336218665,0.7475722334109448,4.473068072121763
"VSA,PLD",SGDRegressor,5.555136866232111,0.7465925554966987,4.524182703886475
"VSA,PLD",RandomForest,3.394120421984989,0.9054014812758971,2.5819975433470557
"VSA,PLD",GradientBoost,3.420529434616432,0.9039236476198692,2.6080477616388364
"VSA,PLD",XGBoost,4.035695313266059,0.8662583788306333,3.172227282975658
"VF,PV",LinearRegression,4.429265344132305,0.8389008536791108,3.4367180853320765
"VF,PV",SGDRegressor,4.430801033422087,0.8387891235827557,3.411584516938682
"VF,PV",RandomForest,1.8669631889093268,0.97137790938251,1.33323016284959
"VF,PV",GradientBoost,1.8878804265397784,0.97073295941312,1.3452936864835126
"VF,PV",XGBoost,2.224354384495113,0.9593708437928173,1.609799550509292
"VF,LCD",LinearRegression,4.366112186022474,0.8434620566794948,3.399706932224171
"VF,LCD",SGDRegressor,4.3678862146313815,0.8433348225655858,3.387296730002749
"VF,LCD",RandomForest,1.6011819783620935,0.9789471338594561,1.1124691247228644
"VF,LCD",GradientBoost,1.6452344000122578,0.9777727668281805,1.1502879069675236
"VF,LCD",XGBoost,2.196718361992037,0.960374148941769,1.6193539728367075
"VF,PLD",LinearRegression,4.357684105873668,0.8440658162321548,3.3978240392546866
"VF,PLD",SGDRegressor,4.359774956936918,0.8439161434412326,3.4334713870282774
"VF,PLD",RandomForest,1.7710319207436707,0.9742437506949968,1.2607812795626623
"VF,PLD",GradientBoost,1.7778754187203596,0.9740443151125872,1.2594164387228368
"VF,PLD",XGBoost,2.2207225275616693,0.9595034115334489,1.6464459988074618
"PV,LCD",LinearRegression,8.182260957565282,0.45023575010506933,6.731336638363655
"PV,LCD",SGDRegressor,8.18583641971398,0.4497551761534292,6.787071609786532
"PV,LCD",RandomForest,2.3918735575077537,0.9530207285330139,1.79113087764418
"PV,LCD",GradientBoost,2.4787984066485698,0.9495440649448444,1.8562087366927982
"PV,LCD",XGBoost,2.717729255782807,0.9393484056966932,2.0640440846247903
"PV,PLD",LinearRegression,7.868638280846124,0.49157253242759313,6.231619559720285
"PV,PLD",SGDRegressor,7.870027810000273,0.4913929493428917,6.216282606805864
"PV,PLD",RandomForest,2.6633384436400984,0.9417517934391071,2.0084271617416647
"PV,PLD",GradientBoost,2.732610145312746,0.9386823933469032,2.0580697744306073
"PV,PLD",XGBoost,2.8296061610199037,0.9342521088959155,2.144932298825744
"LCD,PLD",LinearRegression,7.699951675095999,0.5131380418891154,6.123689193034036
"LCD,PLD",SGDRegressor,7.700821877434899,0.5130279912361299,6.15331190725093
"LCD,PLD",RandomForest,3.3934130370663036,0.9054409086289967,2.5272308435121706
"LCD,PLD",GradientBoost,3.435432278406787,0.9030846371599137,2.564195750694024
"LCD,PLD",XGBoost,4.121424341108675,0.8605159638476575,3.068218213538523
"Density,GSA,VSA",LinearRegression,4.257789941214015,0.8511330448480852,3.322754032452481
"Density,GSA,VSA",SGDRegressor,4.25829229663604,0.8510979146350797,3.316514414204621
"Density,GSA,VSA",RandomForest,2.599347296188216,0.9445171884633623,1.920156659296788
"Density,GSA,VSA",GradientBoost,3.1001753482586647,0.9210772227475407,2.3168183636269895
"Density,GSA,VSA",XGBoost,3.1434036314404787,0.918860907981354,2.3498281074705165
"Density,GSA,VF",LinearRegression,3.6771626465572713,0.888966118525692,2.853362045645519
"Density,GSA,VF",SGDRegressor,3.677617697224099,0.8889386358315752,2.861997076416032
"Density,GSA,VF",RandomForest,1.4105345844509665,0.9836620591182533,0.9682852904313126
"Density,GSA,VF",GradientBoost,1.668940874805371,0.9771275996080354,1.1779670191103742
"Density,GSA,VF",XGBoost,1.78665334079438,0.9737873798652552,1.2599038362259063
"Density,GSA,PV",LinearRegression,4.1942137629236225,0.8555455369291655,3.294811589884844
"Density,GSA,PV",SGDRegressor,4.199610702242141,0.8551735417941243,3.317499317999525
"Density,GSA,PV",RandomForest,1.3079979695021948,0.9859510462768301,0.9398690357839707
"Density,GSA,PV",GradientBoost,1.680680048473513,0.9768047033362437,1.2600486254484544
"Density,GSA,PV",XGBoost,1.671892903246568,0.9770466144847387,1.2501186086466682
"Density,GSA,LCD",LinearRegression,4.125662527163506,0.8602289449913174,3.093020865166605
"Density,GSA,LCD",SGDRegressor,4.12721092666582,0.8601240105508119,3.07250529926794
"Density,GSA,LCD",RandomForest,1.5906090188690125,0.9792242493837723,1.1619255588394315
"Density,GSA,LCD",GradientBoost,2.270549433466317,0.9576657601925558,1.7110525332052269
"Density,GSA,LCD",XGBoost,2.864598147349329,0.932615927372915,2.168033911100927
"Density,GSA,PLD",LinearRegression,4.2238874718282835,0.8534943000383852,3.229149276619458
"Density,GSA,PLD",SGDRegressor,4.228251274258125,0.8531914263546618,3.216171772517571
"Density,GSA,PLD",RandomForest,2.027406668967321,0.9662470618328778,1.5026761954661059
"Density,GSA,PLD",GradientBoost,2.760253159207079,0.9374355438749795,2.102604878440717
"Density,GSA,PLD",XGBoost,3.0184883100576414,0.9251815272389032,2.2867426832504303
"Density,VSA,VF",LinearRegression,4.395694063173297,0.8413336764463195,3.430422672660941
"Density,VSA,VF",SGDRegressor,4.401709462629903,0.8408991173675847,3.4949171986645813
"Density,VSA,VF",RandomForest,0.847863220342448,0.9940968824029004,0.5703319369266739
"Density,VSA,VF",GradientBoost,1.6595228562115931,0.9773850142313492,1.1680958504104797
"Density,VSA,VF",XGBoost,1.724738379057234,0.9755726532559251,1.2145775152353842
"Density,VSA,PV",LinearRegression,5.176160257243386,0.7799885566529521,4.130382863337015
"Density,VSA,PV",SGDRegressor,5.1831994997236785,0.7793897471507716,4.07884404489949
"Density,VSA,PV",RandomForest,1.3177595582089725,0.985740569120869,0.9467791272810128
"Density,VSA,PV",GradientBoost,1.694521856618842,0.9764210646233632,1.2693504971234655
"Density,VSA,PV",XGBoost,1.6214852545486234,0.978409840555653,1.2118259544119299
"Density,VSA,LCD",LinearRegression,4.674301776339507,0.8205831047812246,3.7544632669805367
"Density,VSA,LCD",SGDRegressor,4.680214904411099,0.820128882450408,3.754635640293652
"Density,VSA,LCD",RandomForest,1.2724741222603766,0.9867037932236499,0.9334269394313837
"Density,VSA,LCD",GradientBoost,2.2616233187584442,0.957997959529572,1.701740221901487
"Density,VSA,LCD",XGBoost,2.6951604755066136,0.9403515585451592,2.0390587410806584
"Density,VSA,PLD",LinearRegression,4.924172376884804,0.8008885030557652,3.9564802858252683
"Density,VSA,PLD",SGDRegressor,4.925888295963055,0.8007497106988398,3.9424462188131657
"Density,VSA,PLD",RandomForest,1.48990395376709,0.9817716907627484,1.1172559046896398
"Density,VSA,PLD",GradientBoost,2.6295010680854576,0.9432224634598252,2.0024022105107973
"Density,VSA,PLD",XGBoost,2.636216498096784,0.9429320871171256,2.009613204288781
"Density,VF,PV",LinearRegression,4.409131858165328,0.8403620963092074,3.4262883868864753
"Density,VF,PV",SGDRegressor,4.424968278091478,0.839213283764481,3.3835592360890807
"Density,VF,PV",RandomForest,1.6702313656490326,0.9770922142502528,1.211004144440338
"Density,VF,PV",GradientBoost,1.7661773065483706,0.9743847592016005,1.2928697014375181
"Density,VF,PV",XGBoost,1.7591923356390264,0.9745869675604694,1.2854541071835806
"Density,VF,LCD",LinearRegression,4.3461413926136,0.8448908047895052,3.3873115251696455
"Density,VF,LCD",SGDRegressor,4.346873701946248,0.8448385296927933,3.3680428697585425
"Density,VF,LCD",RandomForest,0.9121880830726353,0.9931672012267485,0.644612358317394
"Density,VF,LCD",GradientBoost,1.5503254767839778,0.9802632513565782,1.085760143975307
"Density,VF,LCD",XGBoost,2.535943794209626,0.9471908606279994,1.9382461937867197
"Density,VF,PLD",LinearRegression,4.341350932520771,0.8452325492651664,3.3886577929852026
"Density,VF,PLD",SGDRegressor,4.34321366499361,0.8450997094147552,3.379970181962652
"Density,VF,PLD",RandomForest,1.2469745782364552,0.9872313482641617,0.895594520157887
"Density,VF,PLD",GradientBoost,1.7021378952545316,0.976208636982494,1.2187038086493331
"Density,VF,PLD",XGBoost,2.6011675847352285,0.9444394534956801,1.9686132171146682
"Density,PV,LCD",LinearRegression,5.439998853051345,0.7569881460987146,4.256346282833397
"Density,PV,LCD",SGDRegressor,5.4409437859382175,0.7569037159941069,4.268997582586685
"Density,PV,LCD",RandomForest,1.0514377633615906,0.9909218577331025,0.7621389767361257
"Density,PV,LCD",GradientBoost,1.5538497466282373,0.9801734164285192,1.1651187428491654
"Density,PV,LCD",XGBoost,1.5872217711396837,0.9793126402868936,1.1875616488663168
"Density,PV,PLD",LinearRegression,5.431172576065637,0.7577760690278038,4.238348209667461
"Density,PV,PLD",SGDRegressor,5.434125386477992,0.7575126136630337,4.280970227628772
"Density,PV,PLD",RandomForest,1.3589162032930193,0.9848359503935135,0.9945071166745395
"Density,PV,PLD",GradientBoost,1.66959948646121,0.9771095438433641,1.2595633346575243
"Density,PV,PLD",XGBoost,1.5426773809297352,0.9804575024562057,1.1616281556513763
"Density,LCD,PLD",LinearRegression,5.392692100040177,0.7611962779228083,4.1941072224411755
"Density,LCD,PLD",SGDRegressor,5.39453993531874,0.7610325950957929,4.170602818989284
"Density,LCD,PLD",RandomForest,2.0956402007817134,0.9639368810580338,1.5391008212821566
"Density,LCD,PLD",GradientBoost,2.644934923352222,0.942553995968152,1.9908220300394246
"Density,LCD,PLD",XGBoost,2.946494938096447,0.9287079273444458,2.2446772057791122
"GSA,VSA,VF",LinearRegression,3.6872782456673177,0.8883543864785457,2.8523935140658385
"GSA,VSA,VF",SGDRegressor,3.6880964685401807,0.8883048316990363,2.851941230470603
"GSA,VSA,VF",RandomForest,0.9194574497123095,0.9930578640521448,0.5588614937317294
"GSA,VSA,VF",GradientBoost,1.7109727835956816,0.9759610195141372,1.199404225446262
"GSA,VSA,VF",XGBoost,2.2769783390255878,0.9574256877846573,1.6685752989439109
"GSA,VSA,PV",LinearRegression,4.393819630813689,0.8414689660618603,3.4529375954635118
"GSA,VSA,PV",SGDRegressor,4.395292391050143,0.841362672516691,3.4479077220221304
"GSA,VSA,PV",RandomForest,1.1348390203165204,0.9894245620193766,0.7419238011222444
"GSA,VSA,PV",GradientBoost,2.076626740694575,0.9645883040553799,1.56532578268513
"GSA,VSA,PV",XGBoost,2.4838964023874626,0.9493363121482146,1.8822489138088907
"GSA,VSA,LCD",LinearRegression,4.022825268942261,0.8671100367798938,3.0696058003081053
"GSA,VSA,LCD",SGDRegressor,4.023897617226961,0.8670391794555082,3.0762477074656416
"GSA,VSA,LCD",RandomForest,1.3505663706555835,0.9850217282617736,0.9724746080497211
"GSA,VSA,LCD",GradientBoost,2.2782732616127856,0.9573772498052724,1.7168146266088282
"GSA,VSA,LCD",XGBoost,2.749667001279929,0.9379145196147751,2.08272713651086
"GSA,VSA,PLD",LinearRegression,4.287584712919023,0.8490423001089612,3.3084308957423056
"GSA,VSA,PLD",SGDRegressor,4.2919363452203285,0.8487357192203553,3.310710965970047
"GSA,VSA,PLD",RandomForest,1.5544939733350454,0.9801569728020023,1.1553891252166266
"GSA,VSA,PLD",GradientBoost,2.659071793384833,0.9419382704214195,2.0249281618996764
"GSA,VSA,PLD",XGBoost,3.0143397028748757,0.925387046770607,2.298752603925168
"GSA,VF,PV",LinearRegression,3.607572560251728,0.893128970686429,2.8347011177401624
"GSA,VF,PV",SGDRegressor,3.610231398291693,0.8929713813568174,2.824656246613632
"GSA,VF,PV",RandomForest,1.2413683844351933,0.9873459017178113,0.8426503153444254
"GSA,VF,PV",GradientBoost,1.6667141856850047,0.9771885912834604,1.1720841432028177
"GSA,VF,PV",XGBoost,1.694152262179828,0.9764313491682072,1.1901864708542529
"GSA,VF,LCD",LinearRegression,3.644899346173583,0.8909059858847408,2.784051971493378
"GSA,VF,LCD",SGDRegressor,3.646447743507362,0.8908132772832912,2.8025658060616134
"GSA,VF,LCD",RandomForest,1.1048172216518604,0.9899767003722926,0.7480761821729497
"GSA,VF,LCD",GradientBoost,1.5252017590729448,0.9808977538377928,1.0720118044780425
"GSA,VF,LCD",XGBoost,2.273026655304186,0.9575733345353116,1.72201683354585
"GSA,VF,PLD",LinearRegression,3.6839781121860313,0.8885541438726904,2.8478750891991544
"GSA,VF,PLD",SGDRegressor,3.684386665364594,0.8885294238107916,2.8454053588747237
"GSA,VF,PLD",RandomForest,1.2543552600220482,0.987079748932211,0.8701330987542552
"GSA,VF,PLD",GradientBoost,1.667786814566198,0.9771592208618519,1.1821802524965572
"GSA,VF,PLD",XGBoost,2.464634074654274,0.9501190473387529,1.8645253261831447
"GSA,PV,LCD",LinearRegression,3.608823086444695,0.8930548664612209,2.7363147155596215
"GSA,PV,LCD",SGDRegressor,3.6132677977947916,0.892791271955424,2.763100993402807
"GSA,PV,LCD",RandomForest,1.6847066083738635,0.9766934279846928,1.219286641597867
"GSA,PV,LCD",GradientBoost,2.278874263802353,0.9573547593118031,1.7139569292217718
"GSA,PV,LCD",XGBoost,2.671134851036033,0.9414102736194518,2.0232601455243615
"GSA,PV,PLD",LinearRegression,4.048079200064967,0.8654363235816607,3.1456796951814683
"GSA,PV,PLD",SGDRegressor,4.0525669693772555,0.8651377990471949,3.135734586192696
"GSA,PV,PLD",RandomForest,2.061619305557159,0.9650982834465541,1.52017530367694
"GSA,PV,PLD",GradientBoost,2.5374522311702195,0.9471280177925742,1.9165349968414402
"GSA,PV,PLD",XGBoost,2.878819015735381,0.9319452304388852,2.1857736067012574
"GSA,LCD,PLD",LinearRegression,4.256503855784256,0.8512229631905126,3.164235445406113
"GSA,LCD,PLD",SGDRegressor,4.260966482083348,0.8509108364388462,3.126373383166617
"GSA,LCD,PLD",RandomForest,1.8534505012503617,0.9717907313643711,1.3691239774756798
"GSA,LCD,PLD",GradientBoost,2.2054052589481548,0.9600601293486135,1.6531799790122468
"GSA,LCD,PLD",XGBoost,2.5818297527074554,0.9452624890782753,1.9719260733215818
"VSA,VF,PV",LinearRegression,4.364849097288933,0.8435526144592275,3.4309402068855768
"VSA,VF,PV",SGDRegressor,4.3672521133662725,0.8433803065234758,3.4215450727772567
"VSA,VF,PV",RandomForest,1.3670533553154514,0.9846538028687919,0.9302547140279349
"VSA,VF,PV",GradientBoost,1.6428253093071883,0.9778378131419613,1.157576125112562
"VSA,VF,PV",XGBoost,1.6507065995632186,0.9776246613245526,1.1612613939210392
"VSA,VF,LCD",LinearRegression,4.196232733355784,0.855406431246006,3.324721329458452
"VSA,VF,LCD",SGDRegressor,4.19687868706066,0.8553619113414777,3.3341607577309476
"VSA,VF,LCD",RandomForest,1.2964695158967083,0.9861976046969263,0.8887729654451656
"VSA,VF,LCD",GradientBoost,1.5594934805036318,0.980029130701919,1.095548675627581
"VSA,VF,LCD",XGBoost,2.1227464870939894,0.9629979228744396,1.5855393636471429
"VSA,VF,PLD",LinearRegression,4.259880677949658,0.8509868102841964,3.370674779161585
"VSA,VF,PLD",SGDRegressor,4.260369649396925,0.8509525992898725,3.3679180096430876
"VSA,VF,PLD",RandomForest,1.3649066044878564,0.9847019627948304,0.9343176598185671
"VSA,VF,PLD",GradientBoost,1.6210059926922258,0.9784226014619719,1.1374040527847549
"VSA,VF,PLD",XGBoost,1.8048203359557948,0.9732516009353005,1.303031486240441
"VSA,PV,LCD",LinearRegression,5.027865554185987,0.7924144330586231,4.043957120533052
"VSA,PV,LCD",SGDRegressor,5.031784196543044,0.7920907288611765,4.019859414507422
"VSA,PV,LCD",RandomForest,0.9774206174029815,0.9921550020639195,0.6756979805539998
"VSA,PV,LCD",GradientBoost,2.1311433560293835,0.9627046084262091,1.6048197040350254
"VSA,PV,LCD",XGBoost,2.4977693232470033,0.9487688036964704,1.8925241921293543
"VSA,PV,PLD",LinearRegression,5.435506957953379,0.7573892980531817,4.329171349274082
"VSA,PV,PLD",SGDRegressor,5.44456354732112,0.7565801532875678,4.2799787835329095
"VSA,PV,PLD",RandomForest,1.9752184717116386,0.9679623893573115,1.4686949042587985
"VSA,PV,PLD",GradientBoost,2.4458095813806464,0.9508781034287512,1.856179862111992
"VSA,PV,PLD",XGBoost,2.577892040977213,0.9454293290268551,1.9587991345424454
"VSA,LCD,PLD",LinearRegression,4.963740757710378,0.797675709916437,3.9817708791258375
"VSA,LCD,PLD",SGDRegressor,4.964246378506308,0.7976344891582086,3.9925469334873567
"VSA,LCD,PLD",RandomForest,1.8947110267254563,0.9705207922620198,1.4058878193031545
"VSA,LCD,PLD",GradientBoost,2.2740128870793543,0.957536509975497,1.7193874488130019
"VSA,LCD,PLD",XGBoost,2.750621421472234,0.9378714119075271,2.0749878466573946
"VF,PV,LCD",LinearRegression,4.356862732004319,0.8441245943307675,3.3946872232571197
"VF,PV,LCD",SGDRegressor,4.361065357948497,0.8438237347389284,3.380710652984681
"VF,PV,LCD",RandomForest,1.314567788034082,0.9858095615363248,0.9059219291491396
"VF,PV,LCD",GradientBoost,1.5252366255621332,0.9808968804636728,1.0731200358410489
"VF,PV,LCD",XGBoost,2.1008475902085912,0.9637574341980806,1.5783840408136185
"VF,PV,PLD",LinearRegression,4.3451531715008995,0.8449613339053641,3.3913410337936805
"VF,PV,PLD",SGDRegressor,4.357340788357659,0.844090385625655,3.480400417293203
"VF,PV,PLD",RandomForest,1.4630165341764239,0.9824236654279516,1.026391590193322
"VF,PV,PLD",GradientBoost,1.706006010056018,0.9761003821926005,1.2192049137775842
"VF,PV,PLD",XGBoost,2.1749395368859927,0.9611559755715907,1.6277502787950968
"VF,LCD,PLD",LinearRegression,4.346774555715737,0.8448456076529625,3.3867363442207576
"VF,LCD,PLD",SGDRegressor,4.3478424774479,0.8447693611860163,3.3678011089229276
"VF,LCD,PLD",RandomForest,1.5347448292732133,0.9806579634296927,1.08188251385618
"VF,LCD,PLD",GradientBoost,1.5460544612452913,0.980371847709125,1.0647514367057365
"VF,LCD,PLD",XGBoost,2.2101793020615825,0.9598870264320547,1.6505267679070474
"PV,LCD,PLD",LinearRegression,7.688181415417465,0.5146253529942085,6.12401012822417
"PV,LCD,PLD",SGDRegressor,7.730372833233521,0.509283430097292,5.923799218099389
"PV,LCD,PLD",RandomForest,1.8824425478402242,0.9709013190236943,1.3756301294022202
"PV,LCD,PLD",GradientBoost,2.3532660103315424,0.9545250859926895,1.7654322996932368
"PV,LCD,PLD",XGBoost,2.6539637045089863,0.9421611298460162,2.0229764417154166
"Density,GSA,VSA,VF",LinearRegression,3.6732008322671184,0.8892052478144713,2.83814592165998
"Density,GSA,VSA,VF",SGDRegressor,3.6748185946086016,0.889107633196307,2.8540257111177807
"Density,GSA,VSA,VF",RandomForest,1.3208773855391327,0.9856730134920637,0.9153609856980657
"Density,GSA,VSA,VF",GradientBoost,1.6477031217050304,0.9777060115720898,1.1641207483658034
"Density,GSA,VSA,VF",XGBoost,1.7258532082404248,0.9755410645575983,1.207310968790503
"Density,GSA,VSA,PV",LinearRegression,4.18160967796573,0.8564124362809846,3.277727287608842
"Density,GSA,VSA,PV",SGDRegressor,4.182755157332048,0.8563337588663421,3.2756804557853614
"Density,GSA,VSA,PV",RandomForest,1.2522995752720925,0.9871220626214765,0.8833516389167677
"Density,GSA,VSA,PV",GradientBoost,1.6814711272213068,0.9767828626240027,1.2604308909636222
"Density,GSA,VSA,PV",XGBoost,1.739808421782926,0.975143916459697,1.3056786422545736
"Density,GSA,VSA,LCD",LinearRegression,3.973594192082378,0.8703427318821454,3.0458023921057618
"Density,GSA,VSA,LCD",SGDRegressor,3.9741396351460048,0.8703071341296178,3.057157388168713
"Density,GSA,VSA,LCD",RandomForest,1.7282747749241876,0.9754723791151191,1.2635752438281633
"Density,GSA,VSA,LCD",GradientBoost,2.2456101405563893,0.9585906356544868,1.6917742599573837
"Density,GSA,VSA,LCD",XGBoost,2.691114403442971,0.9405305168960457,2.0386053567145472
"Density,GSA,VSA,PLD",LinearRegression,4.171921309866652,0.8570770213215502,3.229214853258359
"Density,GSA,VSA,PLD",SGDRegressor,4.172562993758282,0.8570330519273934,3.2213083574304777
"Density,GSA,VSA,PLD",RandomForest,2.0488848012141703,0.9655281235921328,1.5257370604362988
"Density,GSA,VSA,PLD",GradientBoost,2.674042542868343,0.9412826472715403,2.0365988127286063
"Density,GSA,VSA,PLD",XGBoost,2.913073584303783,0.9303160512850637,2.2109015180333205
"Density,GSA,VF,PV",LinearRegression,3.5915721953890283,0.8940748606876392,2.821032531686137
"Density,GSA,VF,PV",SGDRegressor,3.593980353172691,0.8939327669458422,2.8132712018111645
"Density,GSA,VF,PV",RandomForest,1.2888192018755789,0.9863600167121678,0.8846014064888588
"Density,GSA,VF,PV",GradientBoost,1.5914927930303115,0.97920115612547,1.1455922673094847
"Density,GSA,VF,PV",XGBoost,1.5388771983298037,0.9805536646077284,1.116441516406904
"Density,GSA,VF,LCD",LinearRegression,3.629490261115873,0.8918264423497534,2.7670423468098444
"Density,GSA,VF,LCD",SGDRegressor,3.630234523321523,0.8917820737252671,2.759443142625681
"Density,GSA,VF,LCD",RandomForest,0.9449153686801982,0.992668114607835,0.6400582858340607
"Density,GSA,VF,LCD",GradientBoost,1.502961750229091,0.981450778016762,1.066633159583479
"Density,GSA,VF,LCD",XGBoost,2.242079909211051,0.9587207292339002,1.6846408785230624
"Density,GSA,VF,PLD",LinearRegression,3.6694722712143975,0.8894300628197859,2.832586036490825
"Density,GSA,VF,PLD",SGDRegressor,3.6697588613006302,0.8894127908618945,2.83619774520589
"Density,GSA,VF,PLD",RandomForest,1.247262748756941,0.9872254460200504,0.8601563963189286
"Density,GSA,VF,PLD",GradientBoost,1.5359885701008822,0.9806266015672238,1.098776342243072
"Density,GSA,VF,PLD",XGBoost,1.6596669440445533,0.9773810869751008,1.178923782270283
"Density,GSA,PV,LCD",LinearRegression,3.564732566761042,0.8956520912069806,2.713136298012309
"Density,GSA,PV,LCD",SGDRegressor,3.5678041672454577,0.8954721881319019,2.7028546058761442
"Density,GSA,PV,LCD",RandomForest,0.843161861188573,0.9941621658865741,0.5819310998666888
"Density,GSA,PV,LCD",GradientBoost,1.7226881991509257,0.9756306918442574,1.295084449590444
"Density,GSA,PV,LCD",XGBoost,2.770745025232382,0.9369590184311348,2.090047003682864
"Density,GSA,PV,PLD",LinearRegression,3.9365284281269557,0.8727503411914231,3.0688186311942265
"Density,GSA,PV,PLD",SGDRegressor,3.9417115253619577,0.8724150297265589,3.0884885971310054
"Density,GSA,PV,PLD",RandomForest,1.1385537204691674,0.9893552149559908,0.8097672001096777
"Density,GSA,PV,PLD",GradientBoost,1.6162770616556505,0.9785483125244339,1.2205178580420273
"Density,GSA,PV,PLD",XGBoost,1.5041124646850004,0.9814223634160263,1.1416391036845674
"Density,GSA,LCD,PLD",LinearRegression,4.120076329457189,0.8606071921906401,3.0994612734863107
"Density,GSA,LCD,PLD",SGDRegressor,4.121665819811337,0.860499618328221,3.115615948076834
"Density,GSA,LCD,PLD",RandomForest,1.4374113730737224,0.9830335103755827,1.042503852465092
"Density,GSA,LCD,PLD",GradientBoost,2.026723936003959,0.966269790734537,1.5338264856369002
"Density,GSA,LCD,PLD",XGBoost,2.6738918977746424,0.9412892628969853,2.033981101792556
"Density,VSA,VF,PV",LinearRegression,4.354432552932515,0.8442984347873699,3.4261893689548732
"Density,VSA,VF,PV",SGDRegressor,4.362638600417177,0.8437110340883732,3.396446025768371
"Density,VSA,VF,PV",RandomForest,1.3218885071697966,0.985651070697516,0.9149214346192658
"Density,VSA,VF,PV",GradientBoost,1.5818983455013274,0.9794511753587982,1.1370827427641923
"Density,VSA,VF,PV",XGBoost,1.5661608000933365,0.9798580023153943,1.1265651083978196
"Density,VSA,VF,LCD",LinearRegression,4.188968328449627,0.8559066308759076,3.322147385532065
"Density,VSA,VF,LCD",SGDRegressor,4.190731357861191,0.855785314939622,3.322615817313584
"Density,VSA,VF,LCD",RandomForest,0.9554583143707135,0.9925035900170572,0.656108544225157
"Density,VSA,VF,LCD",GradientBoost,1.4405049885798518,0.9829604007858996,1.0273487935845307
"Density,VSA,VF,LCD",XGBoost,2.1353453592876033,0.9625573918109341,1.5995817260861194
"Density,VSA,VF,PLD",LinearRegression,4.25235448045485,0.8515128869822938,3.3676438637428836
"Density,VSA,VF,PLD",SGDRegressor,4.253375735723326,0.8514415564021818,3.369320862886338
"Density,VSA,VF,PLD",RandomForest,1.204837018646879,0.9880797202455585,0.8220763150513372
"Density,VSA,VF,PLD",GradientBoost,1.5208000847173857,0.9810078514534409,1.0879913261986613
"Density,VSA,VF,PLD",XGBoost,1.6755985702841862,0.9769447516597888,1.2086724116525578
"Density,VSA,PV,LCD",LinearRegression,4.673017472648995,0.8206816838358019,3.7506277512667543
"Density,VSA,PV,LCD",SGDRegressor,4.674925349766073,0.820535231504694,3.74510021340218
"Density,VSA,PV,LCD",RandomForest,0.9493435149741922,0.992599234925525,0.6693453753322544
"Density,VSA,PV,LCD",GradientBoost,1.7242715427688582,0.9755858750044761,1.285032786550716
"Density,VSA,PV,LCD",XGBoost,2.281225939974261,0.9572666986901335,1.730793390567294
"Density,VSA,PV,PLD",LinearRegression,4.911018436332194,0.8019508552206673,3.937010805644872
"Density,VSA,PV,PLD",SGDRegressor,4.9163226315076525,0.8015228142231595,3.9554908740415935
"Density,VSA,PV,PLD",RandomForest,1.1634342800624924,0.9888848953950578,0.82466927073622
"Density,VSA,PV,PLD",GradientBoost,1.63916719897647,0.977936401180827,1.2333154778513453
"Density,VSA,PV,PLD",XGBoost,2.177524312928996,0.9610635934493525,1.6597043341557434
"Density,VSA,LCD,PLD",LinearRegression,4.632043799440592,0.8238124741308481,3.7046560004388387
"Density,VSA,LCD,PLD",SGDRegressor,4.632843626912763,0.8237516233288992,3.7131875202118056
"Density,VSA,LCD,PLD",RandomForest,1.5002720936125786,0.9815171089075596,1.0980054648221158
"Density,VSA,LCD,PLD",GradientBoost,2.0075058919666997,0.9669064391502353,1.5200577069949701
"Density,VSA,LCD,PLD",XGBoost,2.415570517544216,0.9520852437676673,1.8381186745234517
"Density,VF,PV,LCD",LinearRegression,4.333556961618415,0.8457877544265175,3.379295932307844
"Density,VF,PV,LCD",SGDRegressor,4.338487180080323,0.8454366652138792,3.4349976093501136
"Density,VF,PV,LCD",RandomForest,1.0158120088418547,0.9915266230355133,0.7145542855410513
"Density,VF,PV,LCD",GradientBoost,1.4554568013467433,0.9826048378203934,1.0473804836778042
"Density,VF,PV,LCD",XGBoost,1.8732076158985496,0.9711861247210091,1.3809656624512865
"Density,VF,PV,PLD",LinearRegression,4.326741275329573,0.8462724536044286,3.3805730729636645
"Density,VF,PV,PLD",SGDRegressor,4.33340075099892,0.8457988719248923,3.3247527117405986
"Density,VF,PV,PLD",RandomForest,1.1580451008347337,0.9889876301289092,0.8253985516039777
"Density,VF,PV,PLD",GradientBoost,1.6068111814386152,0.9787988444306641,1.176286097362487
"Density,VF,PV,PLD",XGBoost,1.6250483079811293,0.9783148518271184,1.1826950231715783
"Density,VF,LCD,PLD",LinearRegression,4.329780328293016,0.8460564248665081,3.3764565928301566
"Density,VF,LCD,PLD",SGDRegressor,4.330784760137652,0.8459849922520872,3.3851743575854294
"Density,VF,LCD,PLD",RandomForest,0.9221743783324825,0.9930167764418336,0.6221227581824867
"Density,VF,LCD,PLD",GradientBoost,1.4851709957789079,0.9818873180676483,1.0380825421330055
"Density,VF,LCD,PLD",XGBoost,2.481350662055894,0.949440109149944,1.888477068781227
"Density,PV,LCD,PLD",LinearRegression,5.345125520026121,0.7653904649522771,4.159127577542173
"Density,PV,LCD,PLD",SGDRegressor,5.346220647595661,0.7652943198986114,4.169097357074427
"Density,PV,LCD,PLD",RandomForest,1.1752555583892488,0.9886578739343339,0.8328767600834097
"Density,PV,LCD,PLD",GradientBoost,1.531738631671193,0.9807336620550519,1.1486329290233508
"Density,PV,LCD,PLD",XGBoost,2.76395523103743,0.9372676075146605,2.1009792458146292
"GSA,VSA,VF,PV",LinearRegression,3.4632979987387764,0.901506047397682,2.6969637805918785
"GSA,VSA,VF,PV",SGDRegressor,3.4685523810491805,0.9012069582249735,2.6751416071462026
"GSA,VSA,VF,PV",RandomForest,1.0922281960808338,0.9902038233078861,0.7314049156935223
"GSA,VSA,VF,PV",GradientBoost,1.6214046516559077,0.978411986965616,1.1496547532971868
"GSA,VSA,VF,PV",XGBoost,1.7125952220744094,0.9759154077322154,1.203656850481663
"GSA,VSA,VF,LCD",LinearRegression,3.635051683000105,0.8914946824283346,2.790477630857293
"GSA,VSA,VF,LCD",SGDRegressor,3.639367739792502,0.8912368631842911,2.8262435177005
"GSA,VSA,VF,LCD",RandomForest,0.7467387072761238,0.9954210366277016,0.4593401280964712
"GSA,VSA,VF,LCD",GradientBoost,1.4547891345256518,0.9826207936477583,1.0326264895156296
"GSA,VSA,VF,LCD",XGBoost,2.1080436886707323,0.9635087233966847,1.581550809648075
"GSA,VSA,VF,PLD",LinearRegression,3.6834604736080703,0.8885854603570933,2.8441967685508565
"GSA,VSA,VF,PLD",SGDRegressor,3.685108057358551,0.8884857683202372,2.8506719739308575
"GSA,VSA,VF,PLD",RandomForest,1.0804723767312754,0.9904135639652852,0.730421185210169
"GSA,VSA,VF,PLD",GradientBoost,1.5344438335967983,0.9806655494444807,1.0923499822931457
"GSA,VSA,VF,PLD",XGBoost,2.2379229493827943,0.9588736561606965,1.6739729683420992
"GSA,VSA,PV,LCD",LinearRegression,3.602059201946704,0.8934553774454327,2.7445362854168547
"GSA,VSA,PV,LCD",SGDRegressor,3.602928401271821,0.8934039514791549,2.7440789206141245
"GSA,VSA,PV,LCD",RandomForest,0.979252014617437,0.992125576109209,0.6392216912999841
"GSA,VSA,PV,LCD",GradientBoost,1.9858613140085017,0.9676162100859369,1.4993986683636644
"GSA,VSA,PV,LCD",XGBoost,2.571203510835821,0.9457121368910641,1.9401447018962321
"GSA,VSA,PV,PLD",LinearRegression,4.047689295039179,0.8654622442834832,3.1433763880809438
"GSA,VSA,PV,PLD",SGDRegressor,4.0487202808540665,0.8653936994063702,3.1506200749501034
"GSA,VSA,PV,PLD",RandomForest,1.059472220295548,0.9907825882115989,0.6978650799024062
"GSA,VSA,PV,PLD",GradientBoost,1.9714746211205896,0.968083723131422,1.4995332290842476
"GSA,VSA,PV,PLD",XGBoost,2.7933274760094196,0.9359272227755178,2.1236943405011575
"GSA,VSA,LCD,PLD",LinearRegression,4.022216010619065,0.8671502861965159,3.0726823472424654
"GSA,VSA,LCD,PLD",SGDRegressor,4.025486945593171,0.8669341270131965,3.0446266406053284
"GSA,VSA,LCD,PLD",RandomForest,1.1441022196516815,0.9892512119660427,0.8149404676978714
"GSA,VSA,LCD,PLD",GradientBoost,2.031201176424376,0.966120599163833,1.5328430624588973
"GSA,VSA,LCD,PLD",XGBoost,2.4183149436012186,0.9519763061854994,1.834781559068382
"GSA,VF,PV,LCD",LinearRegression,3.249929916953452,0.9132683050131972,2.5137875186991216
"GSA,VF,PV,LCD",SGDRegressor,3.2579632115804387,0.9128390019867881,2.5410956983527746
"GSA,VF,PV,LCD",RandomForest,1.1733000200906454,0.9886955874492251,0.7994846452279731
"GSA,VF,PV,LCD",GradientBoost,1.4716596257411747,0.9822153798784771,1.04553825385677
"GSA,VF,PV,LCD",XGBoost,2.25245965381609,0.9583376384380301,1.6934621283887064
"GSA,VF,PV,PLD",LinearRegression,3.4777134222045163,0.9006844103639265,2.7297764076689313
"GSA,VF,PV,PLD",SGDRegressor,3.478332044429892,0.900649074332435,2.7356349731641774
"GSA,VF,PV,PLD",RandomForest,1.2229700410624802,0.9877182153268967,0.8281639103467759
"GSA,VF,PV,PLD",GradientBoost,1.5453715323520987,0.9803891843192943,1.0988529134070937
"GSA,VF,PV,PLD",XGBoost,1.6122260216778477,0.9786557108664502,1.1456739839752896
"GSA,VF,LCD,PLD",LinearRegression,3.637210398907565,0.8913657699802019,2.787253473570711
"GSA,VF,LCD,PLD",SGDRegressor,3.639903710497886,0.8912048256701934,2.8002505349590834
"GSA,VF,LCD,PLD",RandomForest,0.7558265883340863,0.9953089055927771,0.5333067131066896
"GSA,VF,LCD,PLD",GradientBoost,1.4492484468275548,0.9827529219170714,1.0153506250310922
"GSA,VF,LCD,PLD",XGBoost,2.2206546709506387,0.9595058863309385,1.682792190646928
"GSA,PV,LCD,PLD",LinearRegression,3.5768888962031182,0.8949391903603748,2.683162771211497
"GSA,PV,LCD,PLD",SGDRegressor,3.6164729387468997,0.8926009890828668,2.636717620198585
"GSA,PV,LCD,PLD",RandomForest,1.5117549008863087,0.9812330968501791,1.0855073195562577
"GSA,PV,LCD,PLD",GradientBoost,2.0752567913150606,0.9646350107920236,1.5634075264981064
"GSA,PV,LCD,PLD",XGBoost,2.487743568584182,0.9491792503875897,1.8898827454315206
"VSA,VF,PV,LCD",LinearRegression,4.195596591502547,0.8554502682085758,3.324991720840496
"VSA,VF,PV,LCD",SGDRegressor,4.1972896911736415,0.8553335808775271,3.3303552753782117
"VSA,VF,PV,LCD",RandomForest,1.1504014131818359,0.9891325248592242,0.7856391639837361
"VSA,VF,PV,LCD",GradientBoost,1.4454341862150746,0.9828435872292246,1.0290485638205835
"VSA,VF,PV,LCD",XGBoost,2.0921025861714413,0.9640585333681767,1.5723451063188656
"VSA,VF,PV,PLD",LinearRegression,4.259813120049172,0.8509915366787488,3.370818624573244
"VSA,VF,PV,PLD",SGDRegressor,4.262398870479565,0.8508105824314887,3.4021789004413714
"VSA,VF,PV,PLD",RandomForest,1.2177160609545004,0.9878235157690259,0.8365921332889357
"VSA,VF,PV,PLD",GradientBoost,1.5232795938546988,0.9809458714535296,1.0878196407057494
"VSA,VF,PV,PLD",XGBoost,1.9661364821020224,0.9682563278019043,1.4603563182010504
"VSA,VF,LCD,PLD",LinearRegression,4.175989295057468,0.8567981608256883,3.305303612949919
"VSA,VF,LCD,PLD",SGDRegressor,4.178700496973897,0.8566121569324884,3.2932767512422414
"VSA,VF,LCD,PLD",RandomForest,1.1511965233012056,0.9891174973645537,0.7750595765380923
"VSA,VF,LCD,PLD",GradientBoost,1.5025912910442465,0.981459921140679,1.0551255557956916
"VSA,VF,LCD,PLD",XGBoost,2.103178321896266,0.9636769728124628,1.574497978844848
"VSA,PV,LCD,PLD",LinearRegression,4.960494146068209,0.7979402900426964,3.9732893550819353
"VSA,PV,LCD,PLD",SGDRegressor,4.965195069743648,0.7975571357326885,4.016595372691452
"VSA,PV,LCD,PLD",RandomForest,1.422318017879538,0.983387948617496,1.033412857635853
"VSA,PV,LCD,PLD",GradientBoost,1.9764043555065531,0.9679239082587016,1.4944394598185082
"VSA,PV,LCD,PLD",XGBoost,2.258142017305202,0.9581271669216529,1.7113532345072544
"VF,PV,LCD,PLD",LinearRegression,4.319768509656687,0.8467675340238154,3.3689534411326436
"VF,PV,LCD,PLD",SGDRegressor,4.361464540905074,0.8437951427544363,3.5042228289181456
"VF,PV,LCD,PLD",RandomForest,0.8715542366776325,0.9937623833701466,0.5677780605457157
"VF,PV,LCD,PLD",GradientBoost,1.454107837011236,0.9826370676730406,1.0219334106137132
"VF,PV,LCD,PLD",XGBoost,2.1254787781625635,0.9629026071962525,1.5937261055400578
"Density,GSA,VSA,VF,PV",LinearRegression,3.4452421901987402,0.9025303613105673,2.6826844770521263
"Density,GSA,VSA,VF,PV",SGDRegressor,3.449939665138406,0.9022643867873283,2.7090203648925995
"Density,GSA,VSA,VF,PV",RandomForest,1.276791645351116,0.9866134117068593,0.8855740136504797
"Density,GSA,VSA,VF,PV",GradientBoost,1.635309958730842,0.9780401178346914,1.1682879106142847
"Density,GSA,VSA,VF,PV",XGBoost,1.6406331672212775,0.9778969189379951,1.1636437687597456
"Density,GSA,VSA,VF,LCD",LinearRegression,3.618990046903928,0.8924514350786323,2.7733758301945133
"Density,GSA,VSA,VF,LCD",SGDRegressor,3.6229522699439682,0.8922158087466168,2.81050521184411
"Density,GSA,VSA,VF,LCD",RandomForest,1.1334415925541534,0.9894505909298849,0.7763928312021603
"Density,GSA,VSA,VF,LCD",GradientBoost,1.4394400118597137,0.9829855864931338,1.0247547942540338
"Density,GSA,VSA,VF,LCD",XGBoost,2.484105957940888,0.9493277632369274,1.8652109439802729
"Density,GSA,VSA,VF,PLD",LinearRegression,3.6690352581226864,0.8894563977416375,2.8292277047222534
"Density,GSA,VSA,VF,PLD",SGDRegressor,3.6708866770693684,0.8893448075593308,2.811812117589407
"Density,GSA,VSA,VF,PLD",RandomForest,1.1794688536460651,0.9885764050398544,0.8073542775091755
"Density,GSA,VSA,VF,PLD",GradientBoost,1.5145646830427282,0.9811632708314156,1.0834609630132708
"Density,GSA,VSA,VF,PLD",XGBoost,1.5194416927130245,0.9810417642091551,1.08976179464912
"Density,GSA,VSA,PV,LCD",LinearRegression,3.563927644167216,0.8956992097523789,2.717242403779493
"Density,GSA,VSA,PV,LCD",SGDRegressor,3.5698948913047857,0.8953496461803346,2.736650776990254
"Density,GSA,VSA,PV,LCD",RandomForest,0.8925035027279463,0.9934589163847289,0.620172702924749
"Density,GSA,VSA,PV,LCD",GradientBoost,1.5698587008598,0.9797627744938053,1.1684216500468105
"Density,GSA,VSA,PV,LCD",XGBoost,2.765361288533313,0.937203765824851,2.0881818361540665
"Density,GSA,VSA,PV,PLD",LinearRegression,3.927215028631149,0.8733517467135272,3.049315038245523
"Density,GSA,VSA,PV,PLD",SGDRegressor,3.9279303461331527,0.8733056061472223,3.046945328462642
"Density,GSA,VSA,PV,PLD",RandomForest,1.233269793291369,0.9875104718527871,0.8786609946107762
"Density,GSA,VSA,PV,PLD",GradientBoost,1.6298586794985748,0.9781862796362484,1.2280971985761175
"Density,GSA,VSA,PV,PLD",XGBoost,1.4909690772324689,0.9817456188272649,1.1198926952207515
"Density,GSA,VSA,LCD,PLD",LinearRegression,3.972351159773133,0.8704238387879039,3.0493479884590666
"Density,GSA,VSA,LCD,PLD",SGDRegressor,3.9806718826970955,0.8698804343967571,3.0068863498701783
"Density,GSA,VSA,LCD,PLD",RandomForest,1.4906259551673682,0.9817540197530011,1.0899533951402165
"Density,GSA,VSA,LCD,PLD",GradientBoost,2.001502424827631,0.9671040764616836,1.5150589952473488
"Density,GSA,VSA,LCD,PLD",XGBoost,2.4717270068090254,0.9498315309746537,1.88058492707636
"Density,GSA,VF,PV,LCD",LinearRegression,3.2231263119097178,0.9146930345626103,2.4926557352646443
"Density,GSA,VF,PV,LCD",SGDRegressor,3.223613479573842,0.9146672447350834,2.499752979024215
"Density,GSA,VF,PV,LCD",RandomForest,0.9435071062224759,0.9926899525949103,0.6630034350428471
"Density,GSA,VF,PV,LCD",GradientBoost,1.4740409645147412,0.9821577776046406,1.0569927494321343
"Density,GSA,VF,PV,LCD",XGBoost,2.335021252554097,0.9552274822008339,1.747983440914334
"Density,GSA,VF,PV,PLD",LinearRegression,3.4572073718427867,0.901852169751389,2.7132797213737367
"Density,GSA,VF,PV,PLD",SGDRegressor,3.4582637356678863,0.9017921816476224,2.720328803012414
"Density,GSA,VF,PV,PLD",RandomForest,0.9329445901527248,0.9928527076979329,0.640829601558384
"Density,GSA,VF,PV,PLD",GradientBoost,1.5375526072546433,0.9805871271303032,1.1073326749592214
"Density,GSA,VF,PV,PLD",XGBoost,1.4182724744515658,0.9834823145724153,1.0363630703654358
"Density,GSA,VF,LCD,PLD",LinearRegression,3.6218323313809155,0.8922824356331396,2.770375175947059
"Density,GSA,VF,LCD,PLD",SGDRegressor,3.6252226915782977,0.8920806746238056,2.7924878456377367
"Density,GSA,VF,LCD,PLD",RandomForest,0.8669964010444997,0.9938274526269439,0.5804508407956079
"Density,GSA,VF,LCD,PLD",GradientBoost,1.4547680234786335,0.9826212980378058,1.0303374233461118
"Density,GSA,VF,LCD,PLD",XGBoost,2.232705479990705,0.9590651956512025,1.682631143390847
"Density,GSA,PV,LCD,PLD",LinearRegression,3.538319853521496,0.897192684058623,2.6677190161940207
"Density,GSA,PV,LCD,PLD",SGDRegressor,3.539343857436473,0.8971331697513315,2.665162926512632
"Density,GSA,PV,LCD,PLD",RandomForest,0.8895739201032355,0.9935017872413745,0.6224629417244001
"Density,GSA,PV,LCD,PLD",GradientBoost,1.53554927735146,0.9806376815669242,1.1527803648180632
"Density,GSA,PV,LCD,PLD",XGBoost,2.5984328939120855,0.9445562172500559,1.9691932057532406
"Density,VSA,VF,PV,LCD",LinearRegression,4.187588608021482,0.8560015353051456,3.3221992600775616
"Density,VSA,VF,PV,LCD",SGDRegressor,4.1959167914931506,0.8554282038427881,3.3766912799292665
"Density,VSA,VF,PV,LCD",RandomForest,1.098564864602414,0.9900898266318291,0.7567343490556518
"Density,VSA,VF,PV,LCD",GradientBoost,1.4070778421411814,0.9837420385108747,1.0172783127236367
"Density,VSA,VF,PV,LCD",XGBoost,2.295179969843485,0.9567423091402932,1.722940307253046
"Density,VSA,VF,PV,PLD",LinearRegression,4.252001801249744,0.8515375162297294,3.367763328984055
"Density,VSA,VF,PV,PLD",SGDRegressor,4.253947520129905,0.8514016120773468,3.3401872889510282
"Density,VSA,VF,PV,PLD",RandomForest,1.1719801199843045,0.9887210068689444,0.8026385884551187
"Density,VSA,VF,PV,PLD",GradientBoost,1.4811725847977062,0.9819847135305829,1.0728556374672387
"Density,VSA,VF,PV,PLD",XGBoost,1.57267395952857,0.9796901257771622,1.1245504463226472
"Density,VSA,VF,LCD,PLD",LinearRegression,4.170575643567721,0.8571692069615411,3.304132839685282
"Density,VSA,VF,LCD,PLD",SGDRegressor,4.173472601931073,0.8569707122674667,3.277101818025131
"Density,VSA,VF,LCD,PLD",RandomForest,0.8536280393127655,0.9940163361690265,0.5722927627533025
"Density,VSA,VF,LCD,PLD",GradientBoost,1.3833995517685798,0.9842846121540578,0.9905249705278171
"Density,VSA,VF,LCD,PLD",XGBoost,2.1033483468527923,0.9636710997291519,1.5859374762555865
"Density,VSA,PV,LCD,PLD",LinearRegression,4.629504256317753,0.8240056127039973,3.7044405051835843
"Density,VSA,PV,LCD,PLD",SGDRegressor,4.636009575916194,0.8235106551134554,3.744303493631463
"Density,VSA,PV,LCD,PLD",RandomForest,0.8969176549765551,0.9933940544769013,0.6287656635488175
"Density,VSA,PV,LCD,PLD",GradientBoost,1.5576084418378653,0.9800773811230435,1.1635677939569848
"Density,VSA,PV,LCD,PLD",XGBoost,2.4094733865471905,0.9523268213539628,1.8292476568287996
"Density,VF,PV,LCD,PLD",LinearRegression,4.298873501505741,0.8482463401097686,3.3545551165428535
"Density,VF,PV,LCD,PLD",SGDRegressor,4.303677484568039,0.8479069817397848,3.3093788587049713
"Density,VF,PV,LCD,PLD",RandomForest,1.140844349560956,0.9893123398910678,0.7848823703303911
"Density,VF,PV,LCD,PLD",GradientBoost,1.4021770956491388,0.9838550918080455,1.0037244723234329
"Density,VF,PV,LCD,PLD",XGBoost,2.385227558720556,0.9532814366387129,1.8141089743786816
"GSA,VSA,VF,PV,LCD",LinearRegression,3.202621671800755,0.9157749808028084,2.44312345012702
"GSA,VSA,VF,PV,LCD",SGDRegressor,3.2052744161799054,0.9156353951744762,2.4478916893015596
"GSA,VSA,VF,PV,LCD",RandomForest,0.9147152163456035,0.9931292895014995,0.6116746968305826
"GSA,VSA,VF,PV,LCD",GradientBoost,1.4917023029671383,0.981727660207771,1.0590825721640336
"GSA,VSA,VF,PV,LCD",XGBoost,2.301724996460435,0.9564952466669115,1.7343361951509362
"GSA,VSA,VF,PV,PLD",LinearRegression,3.3576813202655162,0.9074217874267894,2.597240089873125
"GSA,VSA,VF,PV,PLD",SGDRegressor,3.359564520555814,0.9073179108574877,2.602557486274448
"GSA,VSA,VF,PV,PLD",RandomForest,1.1969559219277008,0.9882351564073676,0.8173796223861433
"GSA,VSA,VF,PV,PLD",GradientBoost,1.5557703580970663,0.9801243734660929,1.114149292003768
"GSA,VSA,VF,PV,PLD",XGBoost,2.3731988946992724,0.9537514504265263,1.779139939875765
"GSA,VSA,VF,LCD,PLD",LinearRegression,3.6292285986516184,0.8918420389968441,2.7924485101468206
"GSA,VSA,VF,LCD,PLD",SGDRegressor,3.6293290142439587,0.8918360537602155,2.790935662717276
"GSA,VSA,VF,LCD,PLD",RandomForest,0.8535404093970542,0.9940175646222152,0.559053116943413
"GSA,VSA,VF,LCD,PLD",GradientBoost,1.3961361390678033,0.983993905365135,0.9932959868099642
"GSA,VSA,VF,LCD,PLD",XGBoost,2.178846556340464,0.9610162929093006,1.6445469287527457
"GSA,VSA,PV,LCD,PLD",LinearRegression,3.572143348789403,0.8952177790080077,2.6914118373851665
"GSA,VSA,PV,LCD,PLD",SGDRegressor,3.5727575070978843,0.8951817455135976,2.6899166143752598
"GSA,VSA,PV,LCD,PLD",RandomForest,0.8641723895094157,0.993867598020772,0.5795897954968396
"GSA,VSA,PV,LCD,PLD",GradientBoost,1.7622729952901226,0.9744978841203245,1.3295775559253886
"GSA,VSA,PV,LCD,PLD",XGBoost,2.3701158119253765,0.9538715376951629,1.7982808607255671
"GSA,VF,PV,LCD,PLD",LinearRegression,3.236610490617076,0.9139777659540386,2.4893897551229536
"GSA,VF,PV,LCD,PLD",SGDRegressor,3.241588488414029,0.913712953244049,2.513938738577727
"GSA,VF,PV,LCD,PLD",RandomForest,0.8488449334578024,0.9940832044349328,0.5598914522458132
"GSA,VF,PV,LCD,PLD",GradientBoost,1.4158809811263322,0.9835379719034948,1.003104719854011
"GSA,VF,PV,LCD,PLD",XGBoost,2.178939654806982,0.9610129614210172,1.653092728039896
"VSA,VF,PV,LCD,PLD",LinearRegression,4.167988716057365,0.8573463423714934,3.3005556370204285
"VSA,VF,PV,LCD,PLD",SGDRegressor,4.1747461089505835,0.8568834101044775,3.353036749928591
"VSA,VF,PV,LCD,PLD",RandomForest,0.8303194726048826,0.9943386463036695,0.55058637572835
"VSA,VF,PV,LCD,PLD",GradientBoost,1.391880152671743,0.9840913426964493,0.9950581471766604
"VSA,VF,PV,LCD,PLD",XGBoost,2.0090873590766227,0.9668542779157971,1.5123537320904339
"Density,GSA,VSA,VF,PV,LCD",LinearRegression,3.175534910987628,0.9171936531123676,2.421596542970487
"Density,GSA,VSA,VF,PV,LCD",SGDRegressor,3.1799015146216636,0.916965766405283,2.430061578563206
"Density,GSA,VSA,VF,PV,LCD",RandomForest,0.7666583994768048,0.9951734852400428,0.5324515416028006
"Density,GSA,VSA,VF,PV,LCD",GradientBoost,1.462002089208407,0.9824480315811329,1.0491156536506252
"Density,GSA,VSA,VF,PV,LCD",XGBoost,1.6935001367806324,0.9764494901087399,1.230296470678668
"Density,GSA,VSA,VF,PV,PLD",LinearRegression,3.3354827934107547,0.9086418594560616,2.5794092460658384
"Density,GSA,VSA,VF,PV,PLD",SGDRegressor,3.3366497451455714,0.9085779231706246,2.5850402962479153
"Density,GSA,VSA,VF,PV,PLD",RandomForest,1.1128699284989432,0.9898300537678009,0.747103047519515
"Density,GSA,VSA,VF,PV,PLD",GradientBoost,1.4742869161137373,0.9821518229679094,1.06892882973652
"Density,GSA,VSA,VF,PV,PLD",XGBoost,1.6626705564442423,0.9772991429148267,1.1938910419701143
"Density,GSA,VSA,VF,LCD,PLD",LinearRegression,3.6132546471020963,0.8927920523384734,2.7754609309998384
"Density,GSA,VSA,VF,LCD,PLD",SGDRegressor,3.6136420542929177,0.892769061788152,2.7798133521888455
"Density,GSA,VSA,VF,LCD,PLD",RandomForest,0.84681353364957,0.9941114899200945,0.5668314587710546
"Density,GSA,VSA,VF,LCD,PLD",GradientBoost,1.4290883941317283,0.9832294221549025,1.021926372799694
"Density,GSA,VSA,VF,LCD,PLD",XGBoost,2.1892337459176976,0.9606437137879638,1.6554000720974298
"Density,GSA,VSA,PV,LCD,PLD",LinearRegression,3.53795489252219,0.897213891144062,2.6707407568726205
"Density,GSA,VSA,PV,LCD,PLD",SGDRegressor,3.5403013096609595,0.8970775077975748,2.6679089682485677
"Density,GSA,VSA,PV,LCD,PLD",RandomForest,1.1377499608329171,0.9893702389788531,0.812365217963387
"Density,GSA,VSA,PV,LCD,PLD",GradientBoost,1.5512351853623902,0.980240082083292,1.1603449419755312
"Density,GSA,VSA,PV,LCD,PLD",XGBoost,2.433918139380069,0.9513546001912521,1.8487102744954969
"Density,GSA,VF,PV,LCD,PLD",LinearRegression,3.208944092940345,0.9154421087267298,2.466292250049834
"Density,GSA,VF,PV,LCD,PLD",SGDRegressor,3.2093642286553465,0.9154199655452264,2.4606471085469583
"Density,GSA,VF,PV,LCD,PLD",RandomForest,1.070119890732293,0.9905963876990195,0.7357473262420067
"Density,GSA,VF,PV,LCD,PLD",GradientBoost,1.4140845721381972,0.9835797180325099,1.01376974816026
"Density,GSA,VF,PV,LCD,PLD",XGBoost,2.3668978078339906,0.9539967136946214,1.7885145525466652
"Density,VSA,VF,PV,LCD,PLD",LinearRegression,4.160909859414351,0.8578304930370475,3.29815812442689
"Density,VSA,VF,PV,LCD,PLD",SGDRegressor,4.163761175610281,0.857635579364793,3.3022654537824185
"Density,VSA,VF,PV,LCD,PLD",RandomForest,0.5158297538054388,0.99781504437652,0.35196456116968444
"Density,VSA,VF,PV,LCD,PLD",GradientBoost,1.4327705494968535,0.9831428894706394,1.0206539374901322
"Density,VSA,VF,PV,LCD,PLD",XGBoost,2.209551049749951,0.9599098277374462,1.6665608403047603
"GSA,VSA,VF,PV,LCD,PLD",LinearRegression,3.18770917124,0.9165575156000737,2.415595119227568
"GSA,VSA,VF,PV,LCD,PLD",SGDRegressor,3.190642924850662,0.916403855196732,2.4010636342231306
"GSA,VSA,VF,PV,LCD,PLD",RandomForest,1.0513098245854846,0.9909240668524418,0.7090169721492924
"GSA,VSA,VF,PV,LCD,PLD",GradientBoost,1.444885236558376,0.9828566161427462,1.023699825751261
"GSA,VSA,VF,PV,LCD,PLD",XGBoost,2.3634868497434747,0.9541292096689473,1.7814995030396017
"Density,GSA,VSA,VF,PV,LCD,PLD",LinearRegression,3.1596964614863134,0.9180176109462621,2.392475931800267
"Density,GSA,VSA,VF,PV,LCD,PLD",SGDRegressor,3.164885331905653,0.917748126017919,2.3906927773820215
"Density,GSA,VSA,VF,PV,LCD,PLD",RandomForest,1.0585866304794087,0.9907979910400673,0.7233921872263706
"Density,GSA,VSA,VF,PV,LCD,PLD",GradientBoost,1.4272594238978917,0.983272321194573,1.0175752293600542
"Density,GSA,VSA,VF,PV,LCD,PLD",XGBoost,1.7594262265649396,0.9745802096037672,1.2969804681127484
