Features,Model,MSE,R²
Density,SK_RF,0.23906061116138336,0.9815273142801908
Density,XG_RF,0.34008324879193613,0.9737210954871017
Density,SK_GB,0.23884266270593169,0.9815441555879292
Density,SK_LR,6.310490403470054,0.5123759393282921
GSA,SK_RF,2.3159166025973486,0.8210445487224638
GSA,XG_RF,2.1121968471305532,0.8367863767022894
GSA,SK_GB,2.149323441190185,0.8339175314308803
GSA,SK_LR,3.899292919613346,0.6986939325405279
VSA,SK_RF,11.565996009645035,0.10627263820342725
VSA,XG_RF,11.16371709835265,0.1373575244333658
VSA,SK_GB,11.301670969632564,0.12669755625372914
VSA,SK_LR,11.706326855319581,0.09542899651629477
VF,SK_RF,0.38415958556076146,0.9703152298664315
VF,XG_RF,0.3921881729639799,0.9696948450562648
VF,SK_GB,0.38399154695891535,0.9703282145411782
VF,SK_LR,5.709746388766967,0.5587966161924327
PV,SK_RF,0.12586667907033666,0.9902740330422196
PV,XG_RF,0.2524968166909472,0.9804890721339476
PV,SK_GB,0.1256486634442366,0.9902908795403665
PV,SK_LR,1.726845952422229,0.8665632016472765
LCD,SK_RF,3.7352799057414483,0.711367542151477
LCD,XG_RF,3.565122876843114,0.7245159119418206
LCD,SK_GB,3.7259297090017376,0.7120900503260857
LCD,SK_LR,3.627023146448049,0.7197327558174037
PLD,SK_RF,3.466934137255135,0.7321031498344255
PLD,XG_RF,3.3168100007505963,0.7437035384519128
PLD,SK_GB,3.4815478615519697,0.7309739184866937
PLD,SK_LR,3.6451246144053107,0.7183340196265389
"Density,GSA",SK_RF,0.2372129726693777,0.9816700849567186
"Density,GSA",XG_RF,0.32131041582706155,0.9751717093784738
"Density,GSA",SK_GB,0.20211758008531133,0.9843819752772077
"Density,GSA",SK_LR,3.89588922964704,0.6989569423886572
"Density,VSA",SK_RF,0.2395482881009895,0.9814896305195981
"Density,VSA",XG_RF,0.31011898821746303,0.9760364930999901
"Density,VSA",SK_GB,0.20132426599750988,0.9844432762240675
"Density,VSA",SK_LR,5.405816230023776,0.5822819000121271
"Density,VF",SK_RF,0.07473422734290609,0.9942251386060152
"Density,VF",XG_RF,0.11880901973376638,0.9908193923224815
"Density,VF",SK_GB,0.07279326313231492,0.9943751207451952
"Density,VF",SK_LR,5.622378865956368,0.5655476772859265
"Density,PV",SK_RF,0.06439660670428526,0.9950239469760773
"Density,PV",XG_RF,0.26197935322123683,0.9797563378022665
"Density,PV",SK_GB,0.06462265283312003,0.9950064799451186
"Density,PV",SK_LR,1.0794938535698584,0.916585377253972
"Density,LCD",SK_RF,0.1741035341359482,0.986546675953111
"Density,LCD",XG_RF,0.2855869335229708,0.9779321334325023
"Density,LCD",SK_GB,0.15734807631447642,0.987841403281565
"Density,LCD",SK_LR,2.8894592857496546,0.7767257724870249
"Density,PLD",SK_RF,0.20368457348098407,0.9842608906017246
"Density,PLD",XG_RF,0.28529541218355664,0.9779546598623372
"Density,PLD",SK_GB,0.18836138573148797,0.985444943592081
"Density,PLD",SK_LR,3.111720364910348,0.7595512197945722
"GSA,VSA",SK_RF,0.23029940503432103,0.9822043099865326
"GSA,VSA",XG_RF,0.7442536618339229,0.9424900491800633
"GSA,VSA",SK_GB,0.20467372386839638,0.9841844569970939
"GSA,VSA",SK_LR,1.2792867582998113,0.9011469847885872
"GSA,VF",SK_RF,0.23966040819452888,0.9814809667784625
"GSA,VF",XG_RF,0.289726995124923,0.9776122226932886
"GSA,VF",SK_GB,0.20325035473794748,0.9842944435418547
"GSA,VF",SK_LR,3.895409113837789,0.6989940418857694
"GSA,PV",SK_RF,0.12382420188450384,0.9904318592895486
"GSA,PV",XG_RF,0.26139935901803174,0.9798011551002022
"GSA,PV",SK_GB,0.10405763997165916,0.9919592605799712
"GSA,PV",SK_LR,0.6990423715713264,0.9459836148994456
"GSA,LCD",SK_RF,0.47962949166518254,0.9629380816085107
"GSA,LCD",XG_RF,0.6513382788761034,0.9496698043876529
"GSA,LCD",SK_GB,0.46275553114469925,0.9642419658746348
"GSA,LCD",SK_LR,1.6246869881579196,0.8744572266443174
"GSA,PLD",SK_RF,0.8686620225370544,0.9328767693636146
"GSA,PLD",XG_RF,1.0790871368663517,0.9166168050571738
"GSA,PLD",SK_GB,0.7874726529015613,0.9391504323555218
"GSA,PLD",SK_LR,2.1686048690436857,0.8324276174076687
"VSA,VF",SK_RF,0.34892083003869295,0.9730381981243722
"VSA,VF",XG_RF,0.3957999096687355,0.9694157590256322
"VSA,VF",SK_GB,0.3026927413037879,0.9766103338705276
"VSA,VF",SK_LR,4.021089821590081,0.6892824452991447
"VSA,PV",SK_RF,0.12751662156869178,0.9901465387256954
"VSA,PV",XG_RF,0.23579696589902938,0.9817795025973691
"VSA,PV",SK_GB,0.10813754624441765,0.991643998161889
"VSA,PV",SK_LR,1.3939579877569093,0.8922861123404904
"VSA,LCD",SK_RF,1.706659802702717,0.8681230253164707
"VSA,LCD",XG_RF,2.589268626954198,0.7999220977578886
"VSA,LCD",SK_GB,1.5593790289430314,0.8795037016772299
"VSA,LCD",SK_LR,3.3353839262880407,0.7422682945304258
"VSA,PLD",SK_RF,1.793158231948747,0.8614391207997187
"VSA,PLD",XG_RF,3.1995993430978444,0.7527606375336588
"VSA,PLD",SK_GB,1.628125274247975,0.8741915434853568
"VSA,PLD",SK_LR,3.6193428135818753,0.7203262303114708
"VF,PV",SK_RF,0.06701134883626575,0.9948219006857756
"VF,PV",XG_RF,0.11391781102036576,0.9911973456829857
"VF,PV",SK_GB,0.06436930655326636,0.9950260565126815
"VF,PV",SK_LR,0.9292103081608604,0.92819808371244
"VF,LCD",SK_RF,0.31174626658061216,0.9759107500859693
"VF,LCD",XG_RF,0.3694835152319899,0.9714492788152237
"VF,LCD",SK_GB,0.2895547030468616,0.9776255360425459
"VF,LCD",SK_LR,2.8507715376977982,0.7797152512116762
"VF,PLD",SK_RF,0.3203621453063496,0.9752449841150411
"VF,PLD",XG_RF,0.37742568745762334,0.9708355714765535
"VF,PLD",SK_GB,0.299312667697408,0.9768715188358682
"VF,PLD",SK_LR,3.0414754182174493,0.7649791856035724
"PV,LCD",SK_RF,0.0943504411236408,0.992709355012793
"PV,LCD",XG_RF,0.22451182892038013,0.9826515274269672
"PV,LCD",SK_GB,0.08521085190437748,0.9934155891282143
"PV,LCD",SK_LR,1.3010945110062726,0.8994618566529036
"PV,PLD",SK_RF,0.11627655507476727,0.9910150808698961
"PV,PLD",XG_RF,0.22150824595267174,0.9828836202168513
"PV,PLD",SK_GB,0.10345014017761624,0.9920062032892518
"PV,PLD",SK_LR,1.346371997401176,0.8959631758275988
"LCD,PLD",SK_RF,2.031542106986342,0.843018727817175
"LCD,PLD",XG_RF,2.5058483497384474,0.8063681473859707
"LCD,PLD",SK_GB,2.0328190824792585,0.842920053398006
"LCD,PLD",SK_LR,2.823334340046781,0.7818353776799273
"Density,GSA,VSA",SK_RF,0.21754912717473399,0.9831895491465772
"Density,GSA,VSA",XG_RF,0.314765823439362,0.9756774229619659
"Density,GSA,VSA",SK_GB,0.1980561265651594,0.9846958118146402
"Density,GSA,VSA",SK_LR,1.225024302592058,0.9053399519436729
"Density,GSA,VF",SK_RF,0.064482952206399,0.9950172748885422
"Density,GSA,VF",XG_RF,0.14215189857654445,0.989015641957403
"Density,GSA,VF",SK_GB,0.056398937449769454,0.9956419426798109
"Density,GSA,VF",SK_LR,3.879051911409148,0.700257995233214
"Density,GSA,PV",SK_RF,0.05500526925510243,0.9957496341745857
"Density,GSA,PV",XG_RF,0.23068967743322785,0.9821741528672351
"Density,GSA,PV",SK_GB,0.05270934386857727,0.9959270448651021
"Density,GSA,PV",SK_LR,0.699060625870533,0.9459822043536822
"Density,GSA,LCD",SK_RF,0.13672478105296346,0.9894350060504276
"Density,GSA,LCD",XG_RF,0.28780965913572204,0.9777603790331211
"Density,GSA,LCD",SK_GB,0.12309266577339625,0.9904883865300986
"Density,GSA,LCD",SK_LR,1.4690893938416238,0.8864805601604477
"Density,GSA,PLD",SK_RF,0.17191777595368904,0.986715573806104
"Density,GSA,PLD",XG_RF,0.31089065960300855,0.9759768645274917
"Density,GSA,PLD",SK_GB,0.16031452181619424,0.9876121801770479
"Density,GSA,PLD",SK_LR,2.0934894451618926,0.8382319346113166
"Density,VSA,VF",SK_RF,0.06520729539602865,0.9949613034592452
"Density,VSA,VF",XG_RF,0.15004571378741155,0.9884056712607994
"Density,VSA,VF",SK_GB,0.05666680429918769,0.9956212440791504
"Density,VSA,VF",SK_LR,3.858822270803282,0.7018211795291187
"Density,VSA,PV",SK_RF,0.056043913638936405,0.9956693760710696
"Density,VSA,PV",XG_RF,0.22606456492270396,0.9825315444484354
"Density,VSA,PV",SK_GB,0.05378550900735733,0.9958438874587242
"Density,VSA,PV",SK_LR,1.078892919021734,0.9166318126537301
"Density,VSA,LCD",SK_RF,0.1377805735463222,0.9893534228786102
"Density,VSA,LCD",XG_RF,0.2800293296372835,0.9783615804645195
"Density,VSA,LCD",SK_GB,0.12380653805121772,0.9904332242088437
"Density,VSA,LCD",SK_LR,2.8630442525381326,0.7787669142896172
"Density,VSA,PLD",SK_RF,0.1710454472379912,0.986782980369365
"Density,VSA,PLD",XG_RF,0.2939807335546855,0.9772835279210066
"Density,VSA,PLD",SK_GB,0.15898372672525754,0.9877150133428835
"Density,VSA,PLD",SK_LR,2.889480976844702,0.7767240963732569
"Density,VF,PV",SK_RF,0.06281808730979745,0.9951459222882599
"Density,VF,PV",XG_RF,0.11851976135353415,0.9908417438889896
"Density,VF,PV",SK_GB,0.06231866658986212,0.9951845135139601
"Density,VF,PV",SK_LR,0.9259101355933173,0.9284530945666547
"Density,VF,LCD",SK_RF,0.054010563019117476,0.995826497090612
"Density,VF,LCD",XG_RF,0.11847414930622842,0.9908452684219975
"Density,VF,LCD",SK_GB,0.0497778608710948,0.996153566347844
"Density,VF,LCD",SK_LR,2.808432126655542,0.7829869011499315
"Density,VF,PLD",SK_RF,0.06594623206027458,0.9949042043633333
"Density,VF,PLD",XG_RF,0.1258647067016308,0.9902741854510462
"Density,VF,PLD",SK_GB,0.05983640469458995,0.9953763227946394
"Density,VF,PLD",SK_LR,3.020541615606774,0.7665967818887524
"Density,PV,LCD",SK_RF,0.047948083410487806,0.9962949568671888
"Density,PV,LCD",XG_RF,0.24915936695247323,0.9807469634688062
"Density,PV,LCD",SK_GB,0.0492920320733057,0.9961911072988673
"Density,PV,LCD",SK_LR,0.9154085155786829,0.9292645754925034
"Density,PV,PLD",SK_RF,0.05759308319647072,0.9955496686787728
"Density,PV,PLD",XG_RF,0.24940027968379225,0.9807283476661026
"Density,PV,PLD",SK_GB,0.05598126790206044,0.9956742168309228
"Density,PV,PLD",SK_LR,0.9857130196801582,0.9238320075648792
"Density,LCD,PLD",SK_RF,0.14745998782490638,0.9886054754143605
"Density,LCD,PLD",XG_RF,0.2820481169112562,0.9782055847834825
"Density,LCD,PLD",SK_GB,0.13052897434688637,0.9899137682752291
"Density,LCD,PLD",SK_LR,2.471504213765779,0.8090219866238919
"GSA,VSA,VF",SK_RF,0.06436946272104772,0.9950260444452885
"GSA,VSA,VF",XG_RF,0.16436096172903725,0.9872995037707135
"GSA,VSA,VF",SK_GB,0.05629333466324478,0.9956501028157576
"GSA,VSA,VF",SK_LR,0.9847913767188892,0.9239032247373221
"GSA,VSA,PV",SK_RF,0.06654076308822394,0.9948582637762302
"GSA,VSA,PV",XG_RF,0.23707915257395612,0.9816804254998708
"GSA,VSA,PV",SK_GB,0.0730735561127226,0.9943534619528438
"GSA,VSA,PV",SK_LR,0.36910009148881795,0.9714789067253622
"GSA,VSA,LCD",SK_RF,0.13965851131883875,0.9892083109168172
"GSA,VSA,LCD",XG_RF,0.5250554464468746,0.9594279283376401
"GSA,VSA,LCD",SK_GB,0.12592784866360485,0.9902693063468992
"GSA,VSA,LCD",SK_LR,0.6331300518782883,0.9510767900604977
"GSA,VSA,PLD",SK_RF,0.1727335354361301,0.9866525384592567
"GSA,VSA,PLD",XG_RF,0.6531732260997045,0.949528014390508
"GSA,VSA,PLD",SK_GB,0.16143950712882016,0.9875252503393862
"GSA,VSA,PLD",SK_LR,0.7837449260565167,0.9394384811734482
"GSA,VF,PV",SK_RF,0.05603284400771911,0.9956702314433433
"GSA,VF,PV",XG_RF,0.10580117407387413,0.9918245342553144
"GSA,VF,PV",SK_GB,0.04808112386486993,0.9962846765684399
"GSA,VF,PV",SK_LR,0.6862234523373681,0.9469741581140979
"GSA,VF,LCD",SK_RF,0.1340073366182013,0.9896449883505669
"GSA,VF,LCD",XG_RF,0.25948513898361436,0.9799490706640526
"GSA,VF,LCD",SK_GB,0.12739719740726102,0.9901557668665871
"GSA,VF,LCD",SK_LR,1.4370887631377296,0.8889533121163509
"GSA,VF,PLD",SK_RF,0.15446960404158516,0.9880638285208881
"GSA,VF,PLD",XG_RF,0.31460865299991936,0.9756895678323323
"GSA,VF,PLD",SK_GB,0.1491324197183694,0.9884762432978457
"GSA,VF,PLD",SK_LR,2.1046134197886848,0.8373723631150438
"GSA,PV,LCD",SK_RF,0.08754844367200543,0.9932349587941126
"GSA,PV,LCD",XG_RF,0.329873185993088,0.9745100472108774
"GSA,PV,LCD",SK_GB,0.07623116143853123,0.994109467551058
"GSA,PV,LCD",SK_LR,0.48097487980039166,0.9628341208093136
"GSA,PV,PLD",SK_RF,0.10114178813886349,0.9921845742117363
"GSA,PV,PLD",XG_RF,0.3337934673164068,0.9742071193279982
"GSA,PV,PLD",SK_GB,0.09028971920609437,0.9930231350178468
"GSA,PV,PLD",SK_LR,0.6296476931883217,0.9513458787963245
"GSA,LCD,PLD",SK_RF,0.26419577695026436,0.9795850703618908
"GSA,LCD,PLD",XG_RF,0.6155907417884181,0.9524320872023331
"GSA,LCD,PLD",SK_GB,0.2839778791614013,0.9780564682419172
"GSA,LCD,PLD",SK_LR,1.5169183362870053,0.8827847232853888
"VSA,VF,PV",SK_RF,0.05460058733682809,0.9957809047459126
"VSA,VF,PV",XG_RF,0.10920128616007671,0.9915618008770493
"VSA,VF,PV",SK_GB,0.04811198172399288,0.9962822921207017
"VSA,VF,PV",SK_LR,0.8708727615223341,0.9327059411946192
"VSA,VF,LCD",SK_RF,0.2857751721227461,0.9779175878640077
"VSA,VF,LCD",XG_RF,0.4848596732070392,0.9625339351478667
"VSA,VF,LCD",SK_GB,0.2730517744488952,0.9789007499389952
"VSA,VF,LCD",SK_LR,2.72297538245313,0.7895903126053787
"VSA,VF,PLD",SK_RF,0.3016036535751874,0.9766944898309512
"VSA,VF,PLD",XG_RF,0.45076344907969795,0.9651686177477173
"VSA,VF,PLD",SK_GB,0.2818241855219676,0.9782228884043385
"VSA,VF,PLD",SK_LR,2.5862868808543342,0.8001525031698528
"VSA,PV,LCD",SK_RF,0.08326913101627506,0.9935656297373604
"VSA,PV,LCD",XG_RF,0.2853449664897813,0.9779508307031942
"VSA,PV,LCD",SK_GB,0.07280677401836282,0.9943740767323378
"VSA,PV,LCD",SK_LR,1.037613655969369,0.9198215428623461
"VSA,PV,PLD",SK_RF,0.10236971855419572,0.9920896896026071
"VSA,PV,PLD",XG_RF,0.27634649208922263,0.9786461605977834
"VSA,PV,PLD",SK_GB,0.09139573978579611,0.9929376706225655
"VSA,PV,PLD",SK_LR,1.183216466820231,0.908570526010586
"VSA,LCD,PLD",SK_RF,0.8885427490699584,0.9313405463474529
"VSA,LCD,PLD",XG_RF,2.0800999022429285,0.8392665710454507
"VSA,LCD,PLD",SK_GB,0.9238110407111432,0.9286152957752356
"VSA,LCD,PLD",SK_LR,2.7374487958272735,0.7884719233598456
"VF,PV,LCD",SK_RF,0.04671864145372242,0.9963899582761108
"VF,PV,LCD",XG_RF,0.14513442126644255,0.9887851765367927
"VF,PV,LCD",SK_GB,0.04336719307659221,0.9966489313134343
"VF,PV,LCD",SK_LR,0.8269715409852078,0.9360982752381013
"VF,PV,PLD",SK_RF,0.058980932247920934,0.9954424268406907
"VF,PV,PLD",XG_RF,0.15789659070340603,0.9877990184910708
"VF,PV,PLD",SK_GB,0.0528178544500053,0.9959186600380984
"VF,PV,PLD",SK_LR,0.880334677274523,0.9319748002712009
"VF,LCD,PLD",SK_RF,0.29502602494216457,0.9772027561903869
"VF,LCD,PLD",XG_RF,0.41413425722386965,0.9679990277681557
"VF,LCD,PLD",SK_GB,0.2694092828466046,0.9791822124613208
"VF,LCD,PLD",SK_LR,2.45457463055317,0.8103301689653265
"PV,LCD,PLD",SK_RF,0.08647847685896769,0.9933176372436149
"PV,LCD,PLD",XG_RF,0.23767288162170624,0.9816345468833622
"PV,LCD,PLD",SK_GB,0.07460802915769914,0.9942348901891072
"PV,LCD,PLD",SK_LR,1.2078170784949653,0.9066695881447673
"Density,GSA,VSA,VF",SK_RF,0.05732134440703388,0.995570666471888
"Density,GSA,VSA,VF",XG_RF,0.1374307797158449,0.9893804521389544
"Density,GSA,VSA,VF",SK_GB,0.05372793902120384,0.9958483360052913
"Density,GSA,VSA,VF",SK_LR,0.9690414172318679,0.9251202552229802
"Density,GSA,VSA,PV",SK_RF,0.05030593720459926,0.9961127608462705
"Density,GSA,VSA,PV",XG_RF,0.3005074521558105,0.9767791954803151
"Density,GSA,VSA,PV",SK_GB,0.05310004352109237,0.9958968547310743
"Density,GSA,VSA,PV",SK_LR,0.35353814587167354,0.972681409007849
"Density,GSA,VSA,LCD",SK_RF,0.12188656677946953,0.990581584182165
"Density,GSA,VSA,LCD",XG_RF,0.26189685904223753,0.9797627122904558
"Density,GSA,VSA,LCD",SK_GB,0.12082602217892552,0.990663534558693
"Density,GSA,VSA,LCD",SK_LR,0.629765205560631,0.9513367983831552
"Density,GSA,VSA,PLD",SK_RF,0.15834845603605674,0.987764101964098
"Density,GSA,VSA,PLD",XG_RF,0.284603923318901,0.9780080925730354
"Density,GSA,VSA,PLD",SK_GB,0.15537945125207467,0.9879935228294119
"Density,GSA,VSA,PLD",SK_LR,0.781534241252711,0.9396093051557339
"Density,GSA,VF,PV",SK_RF,0.04850629881141526,0.996251822460332
"Density,GSA,VF,PV",XG_RF,0.13094273296038847,0.9898817963297297
"Density,GSA,VF,PV",SK_GB,0.04727772213506214,0.9963467570073269
"Density,GSA,VF,PV",SK_LR,0.6784462556050682,0.9475751174704676
"Density,GSA,VF,LCD",SK_RF,0.04575440623202904,0.9964644666366632
"Density,GSA,VF,LCD",XG_RF,0.11995211229095191,0.9907310633022596
"Density,GSA,VF,LCD",SK_GB,0.0463836488626297,0.9964158438154459
"Density,GSA,VF,LCD",SK_LR,1.4093759309531158,0.8910947374095649
"Density,GSA,VF,PLD",SK_RF,0.04897309684418802,0.9962157520541193
"Density,GSA,VF,PLD",XG_RF,0.1331506885095908,0.9897111832423392
"Density,GSA,VF,PLD",SK_GB,0.04939781143556988,0.9961829335185642
"Density,GSA,VF,PLD",SK_LR,2.0822200847484362,0.8391027403545535
"Density,GSA,PV,LCD",SK_RF,0.04185454212664221,0.9967658168407759
"Density,GSA,PV,LCD",XG_RF,0.2095930073378047,0.9838043342447276
"Density,GSA,PV,LCD",SK_GB,0.047713152488068664,0.9963131104437007
"Density,GSA,PV,LCD",SK_LR,0.4582531176844155,0.9645898762578151
"Density,GSA,PV,PLD",SK_RF,0.04464784344737967,0.996549972929192
"Density,GSA,PV,PLD",XG_RF,0.21617915672809287,0.9832954094695442
"Density,GSA,PV,PLD",SK_GB,0.04934259766542499,0.9961871999956653
"Density,GSA,PV,PLD",SK_LR,0.6259716695068466,0.9516299324086556
"Density,GSA,LCD,PLD",SK_RF,0.09693158515070877,0.9925099049144354
"Density,GSA,LCD,PLD",XG_RF,0.2619957941678529,0.9797550673778401
"Density,GSA,LCD,PLD",SK_GB,0.09984509463824157,0.9922847722803163
"Density,GSA,LCD,PLD",SK_LR,1.3593694361478654,0.8949588380575092
"Density,VSA,VF,PV",SK_RF,0.0484482454142713,0.9962563083610213
"Density,VSA,VF,PV",XG_RF,0.12079674032306455,0.9906657972255455
"Density,VSA,VF,PV",SK_GB,0.0474374626819614,0.9963344135396798
"Density,VSA,VF,PV",SK_LR,0.8613074723696819,0.933445069984919
"Density,VSA,VF,LCD",SK_RF,0.04638048949602899,0.9964160879459449
"Density,VSA,VF,LCD",XG_RF,0.11381221609694195,0.9912055052113352
"Density,VSA,VF,LCD",SK_GB,0.04763329463077556,0.9963192812181034
"Density,VSA,VF,LCD",SK_LR,2.655882727827872,0.7947746945785488
"Density,VSA,VF,PLD",SK_RF,0.049913419598998754,0.996143091457125
"Density,VSA,VF,PLD",XG_RF,0.11896057466240988,0.9908076813737287
"Density,VSA,VF,PLD",SK_GB,0.05053235768644254,0.9960952648883153
"Density,VSA,VF,PLD",SK_LR,2.530172785976802,0.8044885501417416
"Density,VSA,PV,LCD",SK_RF,0.041372310909340404,0.9968030797996473
"Density,VSA,PV,LCD",XG_RF,0.20765098236799634,0.9839543983508678
"Density,VSA,PV,LCD",SK_GB,0.04841093843925969,0.9962591911446852
"Density,VSA,PV,LCD",SK_LR,0.9116820029836925,0.9295525304829293
"Density,VSA,PV,PLD",SK_RF,0.044961110309117036,0.9965257661798861
"Density,VSA,PV,PLD",XG_RF,0.2148186167379842,0.9834005410825039
"Density,VSA,PV,PLD",SK_GB,0.05114518096979895,0.9960479108224982
"Density,VSA,PV,PLD",SK_LR,0.9849084173796222,0.9238941807742382
"Density,VSA,LCD,PLD",SK_RF,0.09614637157038536,0.9925705799190786
"Density,VSA,LCD,PLD",XG_RF,0.2537047182820499,0.9803957351916363
"Density,VSA,LCD,PLD",SK_GB,0.10066797418683791,0.9922211867518905
"Density,VSA,LCD,PLD",SK_LR,2.4306644847884686,0.8121777531661716
"Density,VF,PV,LCD",SK_RF,0.042286105793971906,0.996732469063591
"Density,VF,PV,LCD",XG_RF,0.09444130225973607,0.992702333993299
"Density,VF,PV,LCD",SK_GB,0.042369273789969755,0.9967260425082312
"Density,VF,PV,LCD",SK_LR,0.8224928983039487,0.936444348806224
"Density,VF,PV,PLD",SK_RF,0.05242014779502184,0.9959493916170503
"Density,VF,PV,PLD",XG_RF,0.10256163123461993,0.9920748601306423
"Density,VF,PV,PLD",SK_GB,0.05176657920965547,0.9959998941528514
"Density,VF,PV,PLD",SK_LR,0.8776872639093389,0.9321793711322386
"Density,VF,LCD,PLD",SK_RF,0.04521439208011051,0.9965061945970503
"Density,VF,LCD,PLD",XG_RF,0.12526836596617674,0.9903202658778235
"Density,VF,LCD,PLD",SK_GB,0.0458780572625819,0.9964549118772437
"Density,VF,LCD,PLD",SK_LR,2.429792316171004,0.8122451473583258
"Density,PV,LCD,PLD",SK_RF,0.04061879613143783,0.9968613053752025
"Density,PV,LCD,PLD",XG_RF,0.2122120335030465,0.9836019569187121
"Density,PV,LCD,PLD",SK_GB,0.04623803824026393,0.9964270954359089
"Density,PV,LCD,PLD",SK_LR,0.8997979069927184,0.930470838058731
"GSA,VSA,VF,PV",SK_RF,0.05074129756037807,0.9960791196914685
"GSA,VSA,VF,PV",XG_RF,0.13744262466604182,0.9893795368562515
"GSA,VSA,VF,PV",SK_GB,0.04779787905405297,0.9963065634545588
"GSA,VSA,VF,PV",SK_LR,0.25486094349241206,0.9803063913853581
"GSA,VSA,VF,LCD",SK_RF,0.04944848234912319,0.996179018076967
"GSA,VSA,VF,LCD",XG_RF,0.1521584199267841,0.9882424182834839
"GSA,VSA,VF,LCD",SK_GB,0.04866050088057707,0.9962399069618015
"GSA,VSA,VF,LCD",SK_LR,0.619033687428338,0.952166043990749
"GSA,VSA,VF,PLD",SK_RF,0.05464566552970739,0.995777421464891
"GSA,VSA,VF,PLD",XG_RF,0.16217192718949167,0.9874686547943069
"GSA,VSA,VF,PLD",SK_GB,0.051195620144376175,0.9960440132878295
"GSA,VSA,VF,PLD",SK_LR,0.7053027764287262,0.9454998610478693
"GSA,VSA,PV,LCD",SK_RF,0.051774581576583004,0.9959992757941492
"GSA,VSA,PV,LCD",XG_RF,0.22357449091838147,0.9827239573862149
"GSA,VSA,PV,LCD",SK_GB,0.060598555748910495,0.9953174298769434
"GSA,VSA,PV,LCD",SK_LR,0.21254276657773002,0.983576400520625
"GSA,VSA,PV,PLD",SK_RF,0.05528873671628073,0.9957277300838336
"GSA,VSA,PV,PLD",XG_RF,0.23475565230152323,0.9818599669562991
"GSA,VSA,PV,PLD",SK_GB,0.06709004432594977,0.9948158197298145
"GSA,VSA,PV,PLD",SK_LR,0.3019269219117966,0.9766695102479228
"GSA,VSA,LCD,PLD",SK_RF,0.10127744746866964,0.9921740915473095
"GSA,VSA,LCD,PLD",XG_RF,0.497668035730507,0.9615442076710903
"GSA,VSA,LCD,PLD",SK_GB,0.10355976436749584,0.991997732411523
"GSA,VSA,LCD,PLD",SK_LR,0.57673236456781,0.9554347507799541
"GSA,VF,PV,LCD",SK_RF,0.040328147309174896,0.9968837643839134
"GSA,VF,PV,LCD",XG_RF,0.09756018148047658,0.9924613320341603
"GSA,VF,PV,LCD",SK_GB,0.04075039231375814,0.9968511366782091
"GSA,VF,PV,LCD",SK_LR,0.47106558049362063,0.9635998319438591
"GSA,VF,PV,PLD",SK_RF,0.043511947628874156,0.996637745843198
"GSA,VF,PV,PLD",XG_RF,0.10584830920446339,0.9918208920306522
"GSA,VF,PV,PLD",SK_GB,0.04319963487972613,0.9966618788663392
"GSA,VF,PV,PLD",SK_LR,0.6288920238545883,0.9514042708586653
"GSA,VF,LCD,PLD",SK_RF,0.09688874171252397,0.9925132155115467
"GSA,VF,LCD,PLD",XG_RF,0.1990574074911708,0.9846184408593265
"GSA,VF,LCD,PLD",SK_GB,0.09868680772808716,0.9923742753982105
"GSA,VF,LCD,PLD",SK_LR,1.3253523226180437,0.8975874076251962
"GSA,PV,LCD,PLD",SK_RF,0.06521102458828279,0.9949610152971922
"GSA,PV,LCD,PLD",XG_RF,0.2299100795248076,0.982234393937816
"GSA,PV,LCD,PLD",SK_GB,0.06824261957649076,0.9947267579631427
"GSA,PV,LCD,PLD",SK_LR,0.48072149345233434,0.9628537004730258
"VSA,VF,PV,LCD",SK_RF,0.0400427173228495,0.9969058201228608
"VSA,VF,PV,LCD",XG_RF,0.10886567816888697,0.9915877339695658
"VSA,VF,PV,LCD",SK_GB,0.04056542556603509,0.9968654294242316
"VSA,VF,PV,LCD",SK_LR,0.812417256577836,0.937222913548143
"VSA,VF,PV,PLD",SK_RF,0.043336736013056223,0.9966512847909056
"VSA,VF,PV,PLD",XG_RF,0.11513780927696698,0.9911030740074327
"VSA,VF,PV,PLD",SK_GB,0.042951021235187764,0.9966810897338213
"VSA,VF,PV,PLD",SK_LR,0.8341916712844565,0.9355403615055706
"VSA,VF,LCD,PLD",SK_RF,0.2616750107472788,0.9797798549464973
"VSA,VF,LCD,PLD",XG_RF,0.40886960844733994,0.9684058375801174
"VSA,VF,LCD,PLD",SK_GB,0.2641978622879481,0.9795849092237281
"VSA,VF,LCD,PLD",SK_LR,2.327736152711141,0.8201312287341106
"VSA,PV,LCD,PLD",SK_RF,0.06199867887899167,0.9952092395965564
"VSA,PV,LCD,PLD",XG_RF,0.223326138431411,0.9827431480735357
"VSA,PV,LCD,PLD",SK_GB,0.06397268147892304,0.9950567045157604
"VSA,PV,LCD,PLD",SK_LR,1.0139744184959858,0.9216481934443065
"VF,PV,LCD,PLD",SK_RF,0.039609717835838935,0.996939278848669
"VF,PV,LCD,PLD",XG_RF,0.115354320351788,0.9910863437689355
"VF,PV,LCD,PLD",SK_GB,0.040118516674717206,0.9968999629571905
"VF,PV,LCD,PLD",SK_LR,0.8197236169090533,0.9366583366506835
"Density,GSA,VSA,VF,PV",SK_RF,0.048142214620272954,0.9962799559650772
"Density,GSA,VSA,VF,PV",XG_RF,0.11267503630997747,0.9912933773401207
"Density,GSA,VSA,VF,PV",SK_GB,0.04705115315522945,0.9963642644400151
"Density,GSA,VSA,VF,PV",SK_LR,0.24470063114360427,0.9810914987935707
"Density,GSA,VSA,VF,LCD",SK_RF,0.04340331123428548,0.9966461403920333
"Density,GSA,VSA,VF,LCD",XG_RF,0.22644381208795966,0.9825022392707239
"Density,GSA,VSA,VF,LCD",SK_GB,0.045449193965850926,0.9964880509914574
"Density,GSA,VSA,VF,LCD",SK_LR,0.5977814408841624,0.9538082470677981
"Density,GSA,VSA,VF,PLD",SK_RF,0.04739587036957872,0.9963376274598286
"Density,GSA,VSA,VF,PLD",XG_RF,0.20667989333060827,0.9840294363192997
"Density,GSA,VSA,VF,PLD",SK_GB,0.048008342663987506,0.9962903005156208
"Density,GSA,VSA,VF,PLD",SK_LR,0.6867640193872356,0.946932387430194
"Density,GSA,VSA,PV,LCD",SK_RF,0.04187440602806702,0.996764281917869
"Density,GSA,VSA,PV,LCD",XG_RF,0.3173049464871198,0.9754812199076974
"Density,GSA,VSA,PV,LCD",SK_GB,0.04789742073128296,0.9962988716725016
"Density,GSA,VSA,PV,LCD",SK_LR,0.21233325258470612,0.9835925900807881
"Density,GSA,VSA,PV,PLD",SK_RF,0.0450436197323145,0.9965193905137475
"Density,GSA,VSA,PV,PLD",XG_RF,0.3206828015962656,0.975220206370021
"Density,GSA,VSA,PV,PLD",SK_GB,0.050051603983139854,0.9961324136767611
"Density,GSA,VSA,PV,PLD",SK_LR,0.29776531704855075,0.9769910856774982
"Density,GSA,VSA,LCD,PLD",SK_RF,0.09367415399878896,0.9927616130550236
"Density,GSA,VSA,LCD,PLD",XG_RF,0.3097436182559177,0.976065498678511
"Density,GSA,VSA,LCD,PLD",SK_GB,0.0979938122795218,0.992427824525624
"Density,GSA,VSA,LCD,PLD",SK_LR,0.5720424353303566,0.955797150877698
"Density,GSA,VF,PV,LCD",SK_RF,0.03812082901764847,0.9970543282291443
"Density,GSA,VF,PV,LCD",XG_RF,0.17372721843900443,0.9865757546104744
"Density,GSA,VF,PV,LCD",SK_GB,0.039505861895538376,0.9969473040023569
"Density,GSA,VF,PV,LCD",SK_LR,0.45810332533945053,0.9646014510082449
"Density,GSA,VF,PV,PLD",SK_RF,0.04089533912185818,0.996839936351986
"Density,GSA,VF,PV,PLD",XG_RF,0.1804570755411253,0.9860557252564844
"Density,GSA,VF,PV,PLD",SK_GB,0.04267361477727388,0.9967025254788768
"Density,GSA,VF,PV,PLD",SK_LR,0.619302039108453,0.9521453079262628
"Density,GSA,VF,LCD,PLD",SK_RF,0.04123055118990991,0.9968140338532325
"Density,GSA,VF,LCD,PLD",XG_RF,0.17031032256975256,0.9868397849048143
"Density,GSA,VF,LCD,PLD",SK_GB,0.04327544100253334,0.996656021177465
"Density,GSA,VF,LCD,PLD",SK_LR,1.2977584471695165,0.8997196408963982
"Density,GSA,PV,LCD,PLD",SK_RF,0.03963648106678614,0.9969372108009394
"Density,GSA,PV,LCD,PLD",XG_RF,0.24199362384959647,0.9813006745952241
"Density,GSA,PV,LCD,PLD",SK_GB,0.04521002854790418,0.9965065317758046
"Density,GSA,PV,LCD,PLD",SK_LR,0.457453558346343,0.9646516597875016
"Density,VSA,VF,PV,LCD",SK_RF,0.03796245294909516,0.997066566260854
"Density,VSA,VF,PV,LCD",XG_RF,0.1779358547187171,0.986250544970432
"Density,VSA,VF,PV,LCD",SK_GB,0.03956262120877565,0.9969429180980877
"Density,VSA,VF,PV,LCD",SK_LR,0.8047106561227974,0.9378184177906967
"Density,VSA,VF,PV,PLD",SK_RF,0.041100363345438,0.9968240937251779
"Density,VSA,VF,PV,PLD",XG_RF,0.16770634198083081,0.987040999629423
"Density,VSA,VF,PV,PLD",SK_GB,0.04245695828131274,0.9967192669543529
"Density,VSA,VF,PV,PLD",SK_LR,0.8263491621902624,0.9361463676771771
"Density,VSA,VF,LCD,PLD",SK_RF,0.0426014959168737,0.9967080982457002
"Density,VSA,VF,LCD,PLD",XG_RF,0.18633022048889347,0.9856018957432078
"Density,VSA,VF,LCD,PLD",SK_GB,0.0446808252124545,0.9965474243630449
"Density,VSA,VF,LCD,PLD",SK_LR,2.2835313760080367,0.8235470191622525
"Density,VSA,PV,LCD,PLD",SK_RF,0.039575783517306645,0.9969419010205036
"Density,VSA,PV,LCD,PLD",XG_RF,0.24269004906591266,0.9812468604428807
"Density,VSA,PV,LCD,PLD",SK_GB,0.0450205810063799,0.9965211707616164
"Density,VSA,PV,LCD,PLD",SK_LR,0.8978189830225471,0.9306237534235282
"Density,VF,PV,LCD,PLD",SK_RF,0.03703864967121738,0.9971379503652292
"Density,VF,PV,LCD,PLD",XG_RF,0.1336127803146801,0.9896754764956374
"Density,VF,PV,LCD,PLD",SK_GB,0.03913925511871795,0.9969756324322813
"Density,VF,PV,LCD,PLD",SK_LR,0.8157416645332912,0.9369660299776242
"GSA,VSA,VF,PV,LCD",SK_RF,0.03965420252278045,0.9969358414290237
"GSA,VSA,VF,PV,LCD",XG_RF,0.22280091238696392,0.9827837333276426
"GSA,VSA,VF,PV,LCD",SK_GB,0.03960389549652492,0.9969397287523305
"GSA,VSA,VF,PV,LCD",SK_LR,0.18852310971990488,0.9854324468599892
"GSA,VSA,VF,PV,PLD",SK_RF,0.04290503500827869,0.9966846431804264
"GSA,VSA,VF,PV,PLD",XG_RF,0.2067679210249341,0.984022634245449
"GSA,VSA,VF,PV,PLD",SK_GB,0.042825316083887774,0.9966908032192091
"GSA,VSA,VF,PV,PLD",SK_LR,0.23220001293011797,0.982057446259526
"GSA,VSA,VF,LCD,PLD",SK_RF,0.04762911356019709,0.9963196042976872
"GSA,VSA,VF,LCD,PLD",XG_RF,0.26051516655527535,0.9798694783986367
"GSA,VSA,VF,LCD,PLD",SK_GB,0.04724593819248074,0.9963492130153635
"GSA,VSA,VF,LCD,PLD",SK_LR,0.5665261752992031,0.9562234031883953
"GSA,VSA,PV,LCD,PLD",SK_RF,0.051125175102220324,0.9960494567154102
"GSA,VSA,PV,LCD,PLD",XG_RF,0.3053479558281907,0.976405160198505
"GSA,VSA,PV,LCD,PLD",SK_GB,0.05616608048817475,0.9956599359972725
"GSA,VSA,PV,LCD,PLD",SK_LR,0.20974181044017287,0.9837928359350276
"GSA,VF,PV,LCD,PLD",SK_RF,0.03714751664474836,0.9971295379991036
"GSA,VF,PV,LCD,PLD",XG_RF,0.14971019506586336,0.9884315974552743
"GSA,VF,PV,LCD,PLD",SK_GB,0.03767378328484487,0.9970888723361151
"GSA,VF,PV,LCD,PLD",SK_LR,0.47027854493461546,0.9636606477363946
"VSA,VF,PV,LCD,PLD",SK_RF,0.03762706069105933,0.9970924826832435
"VSA,VF,PV,LCD,PLD",XG_RF,0.18815968594223526,0.9854605293332808
"VSA,VF,PV,LCD,PLD",SK_GB,0.03772060012498793,0.9970852547063844
"VSA,VF,PV,LCD,PLD",SK_LR,0.8036093056869629,0.9379035213147349
"Density,GSA,VSA,VF,PV,LCD",SK_RF,0.03816877446055959,0.9970506233900481
"Density,GSA,VSA,VF,PV,LCD",XG_RF,0.13547827880313199,0.9895313257418995
"Density,GSA,VSA,VF,PV,LCD",SK_GB,0.03911720776264698,0.9969773360750422
"Density,GSA,VSA,VF,PV,LCD",SK_LR,0.17546470964538202,0.9864414952323175
"Density,GSA,VSA,VF,PV,PLD",SK_RF,0.04097376579617663,0.9968338761679193
"Density,GSA,VSA,VF,PV,PLD",XG_RF,0.14315567889408717,0.9889380778691678
"Density,GSA,VSA,VF,PV,PLD",SK_GB,0.04239745474906473,0.9967238649098467
"Density,GSA,VSA,VF,PV,PLD",SK_LR,0.22084495002777382,0.9829348744033956
"Density,GSA,VSA,VF,LCD,PLD",SK_RF,0.04038630152714722,0.9968792706925994
"Density,GSA,VSA,VF,LCD,PLD",XG_RF,0.15222081043279767,0.9882375972458237
"Density,GSA,VSA,VF,LCD,PLD",SK_GB,0.04260569157665415,0.9967077740387799
"Density,GSA,VSA,VF,LCD,PLD",SK_LR,0.5451442017435748,0.9578756305279119
"Density,GSA,VSA,PV,LCD,PLD",SK_RF,0.040571584678607574,0.996864953497435
"Density,GSA,VSA,PV,LCD,PLD",XG_RF,0.2274297797288603,0.9824260516032041
"Density,GSA,VSA,PV,LCD,PLD",SK_GB,0.04557824728398439,0.9964780787866035
"Density,GSA,VSA,PV,LCD,PLD",SK_LR,0.20941730107484352,0.9838179114147971
"Density,GSA,VF,PV,LCD,PLD",SK_RF,0.035178404334823624,0.9972816951975293
"Density,GSA,VF,PV,LCD,PLD",XG_RF,0.11504076878482518,0.9911105725179766
"Density,GSA,VF,PV,LCD,PLD",SK_GB,0.037630969082396375,0.9970921806741233
"Density,GSA,VF,PV,LCD,PLD",SK_LR,0.4572093956964096,0.964670526717837
"Density,VSA,VF,PV,LCD,PLD",SK_RF,0.035231924186027656,0.9972775596128913
"Density,VSA,VF,PV,LCD,PLD",XG_RF,0.12640123965315575,0.9902327264898911
"Density,VSA,VF,PV,LCD,PLD",SK_GB,0.03742666369762452,0.9971079677548366
"Density,VSA,VF,PV,LCD,PLD",SK_LR,0.7964481353469559,0.9384568790947317
"GSA,VSA,VF,PV,LCD,PLD",SK_RF,0.036938176214204255,0.997145714147751
"GSA,VSA,VF,PV,LCD,PLD",XG_RF,0.1476390928616432,0.9885916356143265
"GSA,VSA,VF,PV,LCD,PLD",SK_GB,0.03731003608581666,0.9971169798008139
"GSA,VSA,VF,PV,LCD,PLD",SK_LR,0.18705915265390152,0.9855455697147172
"Density,GSA,VSA,VF,PV,LCD,PLD",SK_RF,0.035171886003296765,0.9972821988818842
"Density,GSA,VSA,VF,PV,LCD,PLD",XG_RF,0.08546155713914687,0.9933962166394228
"Density,GSA,VSA,VF,PV,LCD,PLD",SK_GB,0.03694088859421361,0.9971455045567891
"Density,GSA,VSA,VF,PV,LCD,PLD",SK_LR,0.17385645035660238,0.9865657686048872
